ID (AXXXX);Area;Collector_site;Sorted_as;Collection;Weight [gram];Product type (#);Manufacturing method (K, T, Others (O), Unknown (U));Membrane (0,1);Color;Wearer/purpose (M, F, U);Age category (A, C, B);Brand Source (0,1);Company/brand;Number of velcro  (0,1+);Number of metal buttons  (0,1+);Number of plastic buttons  (0,1+);Number of metal zippers  (0,1+);Number of plastic zippers  (0,1+);Number of metal rivets, eyelets or aglets (0,1+);Number of pearls (0,1+);Sequins (0,1);Reflector (0,1+);Print (0,1);Print > 100 cm² (0,1);All over printed (0,1);Other extra parts (0,1+);Care Label Present (0,1);Readable label (0,1);Number of Layers (1+);Number of fibre (1+);Made in;Year present obvious (0,1);Production year (XXXX);Guess Year (n, o, u);Code (CVR/CA/RN) if no brand;Price Tag (0,1);Degree-of-wear (Condition scale, 1-5);Holes in front (0,1+);Holes in total (0,1+);Homemade (0,1);Fibre 1 Layer 1;Fibre 1 Layer 1 [%];Fibre 2 Layer 1;Fibre 2 Layer 1 [%];Fibre 3 Layer 1;Fibre 3 Layer 1 [%];Fibre 4 Layer 1;Fibre 4 Layer 1 [%];Fibre 5 Layer 1;Fibre 5 Layer 1 [%];Fibre 6 Layer 1;Fibre 6 Layer 1 [%];Fibre 1 Layer 2;Fibre 1 Layer 2 [%];Fibre 2 Layer 2;Fibre 2 Layer 2 [%];Fibre 3 Layer 2;Fibre 3 Layer 2 [%];Fibre 4 Layer 2;Fibre 4 Layer 2 [%];Fibre 5 Layer 2;Fibre 5 Layer 2 [%];Fibre 6 Layer 2;Fibre 6 Layer 2 [%];Fibre 1 Layer 3;Fibre 1 Layer 3 [%];Fibre 2 Layer 3;Fibre 2 Layer 3 [%];Fibre 3 Layer 3;Fibre 3 Layer 3 [%];Fibre 4 Layer 3;Fibre 4 Layer 3 [%];Fibre 5 Layer 3;Fibre 5 Layer 3 [%];Fibre 1 Layer 4;Fibre 1 Layer 4 [%];Fibre 2 Layer 4;Fibre 2 Layer 4 [%]
A0001;Aalesund;Attvin_multiple;T_waste;Central;507;11;t;0;multi-color pattern;m;a;0;NaN;0;0;0;0;1;0;0;0;0;0;0;0;0;1;1;1;1;chn;0;NaN;n;NaN;0;4;0;0;0;polyester;100;NaN;NaN;NaN;NaN;NaN;NaN;NaN;NaN;NaN;NaN;NaN;NaN;NaN;NaN;NaN;NaN;NaN;NaN;NaN;NaN;NaN;NaN;NaN;NaN;NaN;NaN;NaN;NaN;NaN;NaN;NaN;NaN;NaN;NaN;NaN;NaN
A0002;Aalesund;Attvin_multiple;T_waste;Central;444;5;t;0;blue;f;a;1;floyd;0;4;1;0;0;4;0;0;0;0;0;0;0;1;1;1;2;chn;0;NaN;n;NaN;0;5;0;0;0;cotton;98;elastane;2;NaN;NaN;NaN;NaN;NaN;NaN;NaN;NaN;NaN;NaN;NaN;NaN;NaN;NaN;NaN;NaN;NaN;NaN;NaN;NaN;NaN;NaN;NaN;NaN;NaN;NaN;NaN;NaN;NaN;NaN;NaN;NaN;NaN;NaN
A0003;Aalesund;Attvin_multiple;T_waste;Central;453;5;t;NaN;blue;f;a;1;kappahl;NaN;4;0;0;0;2;0;NaN;NaN;0;0;0;NaN;1;1;1;4;chn;NaN;NaN;n;NaN;0;4;NaN;0;0;cotton;75;polyester;15;viscose;8;elastane;2;NaN;NaN;NaN;NaN;NaN;NaN;NaN;NaN;NaN;NaN;NaN;NaN;NaN;NaN;NaN;NaN;NaN;NaN;NaN;NaN;NaN;NaN;NaN;NaN;NaN;NaN;NaN;NaN;NaN;NaN
A0004;Aalesund;Attvin_multiple;T_waste;Central;310;5;t;NaN;multi-color;u;a;1;umbro;NaN;0;0;0;4;0;0;NaN;NaN;1;1;0;NaN;1;0;1;3;not declared;NaN;NaN;n;NaN;0;4;NaN;0;0;NaN;NaN;NaN;NaN;NaN;NaN;NaN;NaN;NaN;NaN;NaN;NaN;NaN;NaN;NaN;NaN;NaN;NaN;NaN;NaN;NaN;NaN;NaN;NaN;NaN;NaN;NaN;NaN;NaN;NaN;NaN;NaN;NaN;NaN;NaN;NaN;NaN;NaN
A0005;Aalesund;Attvin_multiple;T_waste;Central;380;9;t;0;red;f;a;1;norbelle;0;0;1;1;0;0;0;0;0;0;0;0;0;1;1;1;1;not declared;0;NaN;n;NaN;0;5;0;0;0;polyester;100;NaN;NaN;NaN;NaN;NaN;NaN;NaN;NaN;NaN;NaN;NaN;NaN;NaN;NaN;NaN;NaN;NaN;NaN;NaN;NaN;NaN;NaN;NaN;NaN;NaN;NaN;NaN;NaN;NaN;NaN;NaN;NaN;NaN;NaN;NaN;NaN
A0006;Aalesund;Attvin_multiple;T_waste;Central;449;5;t;0;blue;u;c;1;h&m;0;0;0;0;0;0;2;0;0;0;0;0;0;1;1;1;3;bgd;0;NaN;n;o/n: 605322, p/n: 06890148;0;5;0;0;0;cotton;78;polyester;21;elastane;1;NaN;NaN;NaN;NaN;NaN;NaN;NaN;NaN;NaN;NaN;NaN;NaN;NaN;NaN;NaN;NaN;NaN;NaN;NaN;NaN;NaN;NaN;NaN;NaN;NaN;NaN;NaN;NaN;NaN;NaN;NaN;NaN
A0007;Aalesund;Attvin_multiple;T_waste;Central;474;5;t;0;blue;f;a;1;y.a.s;0;1;1;1;0;0;0;0;0;0;0;0;0;1;1;1;3;tur;1;2016;NaN;cvr: 88216512, ca:57831, rn:149349;NaN;5;0;0;0;polyester;62;viscose;33;elastane;5;NaN;NaN;NaN;NaN;NaN;NaN;NaN;NaN;NaN;NaN;NaN;NaN;NaN;NaN;NaN;NaN;NaN;NaN;NaN;NaN;NaN;NaN;NaN;NaN;NaN;NaN;NaN;NaN;NaN;NaN;NaN;NaN
A0008;Aalesund;Attvin_multiple;T_waste;Central;208;6;t;0;grey;f;a;1;kappahl;0;4;0;0;0;4;0;0;0;0;0;0;0;1;1;1;2;bgd;0;NaN;n;70386/860196;0;5;0;0;0;cotton;97;elastane;3;NaN;NaN;NaN;NaN;NaN;NaN;NaN;NaN;NaN;NaN;NaN;NaN;NaN;NaN;NaN;NaN;NaN;NaN;NaN;NaN;NaN;NaN;NaN;NaN;NaN;NaN;NaN;NaN;NaN;NaN;NaN;NaN;NaN;NaN
A0009;Aalesund;Attvin_multiple;T_waste;Central;236;6;t;0;green;f;a;0;days like this;NaN;0;1;1;0;0;0;0;NaN;0;0;NaN;NaN;1;1;1;1;chn;0;NaN;NaN;7179640009;0;NaN;3;0;1;cotton;98;elastane;2;NaN;NaN;NaN;NaN;NaN;NaN;NaN;NaN;NaN;NaN;NaN;NaN;NaN;NaN;NaN;NaN;NaN;NaN;NaN;NaN;NaN;NaN;NaN;NaN;NaN;NaN;NaN;NaN;NaN;NaN;NaN;NaN;NaN;NaN
A0010;Aalesund;Attvin_multiple;T_waste;Central;486;6;t;0;white;m;a;1;adidas;0;0;0;0;0;0;0;0;0;1;0;0;0;1;1;2;1;pak;0;NaN;n;fn2255;0;3;0;0;0;cotton;100;NaN;NaN;NaN;NaN;NaN;NaN;NaN;NaN;NaN;NaN;NaN;NaN;NaN;NaN;NaN;NaN;NaN;NaN;NaN;NaN;NaN;NaN;NaN;NaN;NaN;NaN;NaN;NaN;NaN;NaN;NaN;NaN;NaN;NaN;NaN;NaN
A0012;Aalesund;Attvin_multiple;T_waste;Central;195;3;t;0;blue;f;a;0;NaN;NaN;0;1;0;1;0;0;0;NaN;0;0;NaN;NaN;0;0;1;1;not declared;0;NaN;NaN;NaN;0;4;0;0;0;NaN;NaN;NaN;NaN;NaN;NaN;NaN;NaN;NaN;NaN;NaN;NaN;NaN;NaN;NaN;NaN;NaN;NaN;NaN;NaN;NaN;NaN;NaN;NaN;NaN;NaN;NaN;NaN;NaN;NaN;NaN;NaN;NaN;NaN;NaN;NaN;NaN;NaN
A0013;Aalesund;Attvin_multiple;T_waste;Central;248;5;t;0;multi-color;u;a;1;jiyin;NaN;0;1;0;0;0;0;0;NaN;0;0;NaN;NaN;0;0;1;1;not declared;0;NaN;NaN;NaN;0;5;0;0;0;NaN;NaN;NaN;NaN;NaN;NaN;NaN;NaN;NaN;NaN;NaN;NaN;linen;100;NaN;NaN;NaN;NaN;NaN;NaN;NaN;NaN;NaN;NaN;NaN;NaN;NaN;NaN;NaN;NaN;NaN;NaN;NaN;NaN;NaN;NaN;NaN;NaN
A0014;Aalesund;Attvin_multiple;T_waste;Central;302;6;t;0;white;u;a;1;sub culture;NaN;0;10;0;0;0;0;0;NaN;1;0;NaN;NaN;1;0;1;1;not declared;0;NaN;NaN;NaN;0;4;0;0;0;NaN;NaN;NaN;NaN;NaN;NaN;NaN;NaN;NaN;NaN;NaN;NaN;NaN;NaN;NaN;NaN;NaN;NaN;NaN;NaN;NaN;NaN;NaN;NaN;NaN;NaN;NaN;NaN;NaN;NaN;NaN;NaN;NaN;NaN;NaN;NaN;NaN;NaN
A0015;Aalesund;Attvin_multiple;T_waste;Central;718;5;t;0;blue;f;a;1;cubus;NaN;1;0;1;0;2;0;0;NaN;0;0;NaN;NaN;1;1;1;3;bgd;0;NaN;NaN;f584;0;4;0;0;0;NaN;NaN;NaN;NaN;NaN;NaN;NaN;NaN;NaN;NaN;NaN;NaN;NaN;NaN;NaN;NaN;NaN;NaN;NaN;NaN;NaN;NaN;NaN;NaN;NaN;NaN;NaN;NaN;NaN;NaN;NaN;NaN;NaN;NaN;NaN;NaN;NaN;NaN
A0016;Aalesund;Attvin_multiple;T_waste;Central;437;5;t;NaN;blue;f;a;1;kappahl;NaN;4;0;0;0;0;0;NaN;NaN;0;0;0;NaN;1;1;1;3;chn;NaN;NaN;n;NaN;0;4;NaN;0;0;cotton;70;polyester;29;elastane;1;NaN;NaN;NaN;NaN;NaN;NaN;NaN;NaN;NaN;NaN;NaN;NaN;NaN;NaN;NaN;NaN;NaN;NaN;NaN;NaN;NaN;NaN;NaN;NaN;NaN;NaN;NaN;NaN;NaN;NaN;NaN;NaN
A0017;Aalesund;Attvin_multiple;T_waste;Central;315;5;t;0;multi-color pattern;f;a;1;cubus;0;0;0;0;0;0;0;0;0;0;0;0;0;1;1;1;2;bgd;0;NaN;n;o/n2757865;0;5;0;0;0;viscose;95;elastane;5;NaN;NaN;NaN;NaN;NaN;NaN;NaN;NaN;NaN;NaN;NaN;NaN;NaN;NaN;NaN;NaN;NaN;NaN;NaN;NaN;NaN;NaN;NaN;NaN;NaN;NaN;NaN;NaN;NaN;NaN;NaN;NaN;NaN;NaN
A0018;Aalesund;Attvin_multiple;T_waste;Central;218;5;t;NaN;red;f;a;1;h&m;NaN;0;0;0;0;1;0;NaN;NaN;0;0;0;NaN;1;1;1;1;mmr;NaN;NaN;n;p/n 04901760;0;4;NaN;0;0;NaN;NaN;NaN;NaN;NaN;NaN;NaN;NaN;NaN;NaN;NaN;NaN;NaN;NaN;NaN;NaN;NaN;NaN;NaN;NaN;NaN;NaN;NaN;NaN;NaN;NaN;NaN;NaN;NaN;NaN;NaN;NaN;NaN;NaN;NaN;NaN;NaN;NaN
A0019;Aalesund;Attvin_multiple;T_waste;Central;289;6;t;0;grey;f;a;1;gap;NaN;0;5;1;0;0;0;0;NaN;0;0;NaN;NaN;1;1;1;2;not declared;0;NaN;NaN;rn 54023 ca 17897;0;4;0;0;0;cotton;70;linen;30;NaN;NaN;NaN;NaN;NaN;NaN;NaN;NaN;NaN;NaN;NaN;NaN;NaN;NaN;NaN;NaN;NaN;NaN;NaN;NaN;NaN;NaN;NaN;NaN;NaN;NaN;NaN;NaN;NaN;NaN;NaN;NaN;NaN;NaN
A0020;Aalesund;Attvin_multiple;T_waste;Central;569;5;t;0;blue;f;a;0;soyaconcept;NaN;9;0;1;0;2;0;0;NaN;0;0;NaN;NaN;1;1;NaN;2;not declared;0;NaN;NaN;NaN;0;NaN;4;0;0;NaN;NaN;NaN;NaN;NaN;NaN;NaN;NaN;NaN;NaN;NaN;NaN;NaN;NaN;NaN;NaN;NaN;NaN;NaN;NaN;NaN;NaN;NaN;NaN;NaN;NaN;NaN;NaN;NaN;NaN;NaN;NaN;NaN;NaN;NaN;NaN;NaN;NaN
A0021;Aalesund;Attvin_multiple;T_waste;Central;309;6;t;NaN;grey;m;a;1;stormberg;NaN;1;0;0;6;0;0;NaN;NaN;0;0;0;NaN;1;1;1;1;chn;NaN;NaN;n;NaN;0;2;NaN;0;0;polyamide or nylon;95;elastane;5;NaN;NaN;NaN;NaN;NaN;NaN;NaN;NaN;NaN;NaN;NaN;NaN;NaN;NaN;NaN;NaN;NaN;NaN;NaN;NaN;NaN;NaN;NaN;NaN;NaN;NaN;NaN;NaN;NaN;NaN;NaN;NaN;NaN;NaN
A0023;Aalesund;Attvin_multiple;T_waste;Central;357;8;t;0;blue;f;c;1;h&m;0;9;0;0;0;2;0;0;0;0;0;0;0;0;0;1;NaN;bgd;0;NaN;n;NaN;0;2;4;5;0;NaN;NaN;NaN;NaN;NaN;NaN;NaN;NaN;NaN;NaN;NaN;NaN;NaN;NaN;NaN;NaN;NaN;NaN;NaN;NaN;NaN;NaN;NaN;NaN;NaN;NaN;NaN;NaN;NaN;NaN;NaN;NaN;NaN;NaN;NaN;NaN;NaN;NaN
A0025;Aalesund;Attvin_multiple;T_waste;Central;347;1;k;0;blue;f;a;1;skoovhus;NaN;0;0;1;0;0;0;0;NaN;0;0;NaN;NaN;0;0;NaN;NaN;not declared;0;NaN;NaN;NaN;0;4;0;0;0;NaN;NaN;NaN;NaN;NaN;NaN;NaN;NaN;NaN;NaN;NaN;NaN;cotton;100;NaN;NaN;NaN;NaN;NaN;NaN;NaN;NaN;NaN;NaN;NaN;NaN;NaN;NaN;NaN;NaN;NaN;NaN;NaN;NaN;NaN;NaN;NaN;NaN
A0026;Aalesund;Attvin_multiple;T_waste;Central;229;4;t;NaN;white;f;a;0;NaN;NaN;0;7;0;0;0;0;NaN;NaN;0;0;0;NaN;1;1;1;1;not declared;NaN;NaN;n;NaN;0;4;NaN;0;0;cotton;100;NaN;NaN;NaN;NaN;NaN;NaN;NaN;NaN;NaN;NaN;NaN;NaN;NaN;NaN;NaN;NaN;NaN;NaN;NaN;NaN;NaN;NaN;NaN;NaN;NaN;NaN;NaN;NaN;NaN;NaN;NaN;NaN;NaN;NaN;NaN;NaN
A0027;Aalesund;Attvin_multiple;T_waste;Central;68;1;t;NaN;white;u;c;1;h&m;NaN;0;0;0;0;0;0;0;NaN;1;1;NaN;NaN;1;1;1;NaN;tur;NaN;NaN;n;rn101255;0;3;NaN;0;0;cotton;100;NaN;NaN;NaN;NaN;NaN;NaN;NaN;NaN;NaN;NaN;NaN;NaN;NaN;NaN;NaN;NaN;NaN;NaN;NaN;NaN;NaN;NaN;NaN;NaN;NaN;NaN;NaN;NaN;NaN;NaN;NaN;NaN;NaN;NaN;NaN;NaN
A0028;Aalesund;Attvin_multiple;T_waste;Central;154;1;t;0;multi-color;f;a;1;nicole;NaN;0;5;0;0;0;0;0;NaN;0;0;NaN;NaN;1;1;1;2;not declared;0;NaN;NaN;NaN;0;5;0;0;0;polyester;60;viscose;40;NaN;NaN;NaN;NaN;NaN;NaN;NaN;NaN;NaN;NaN;NaN;NaN;NaN;NaN;NaN;NaN;NaN;NaN;NaN;NaN;NaN;NaN;NaN;NaN;NaN;NaN;NaN;NaN;NaN;NaN;NaN;NaN;NaN;NaN
A0029;Aalesund;Attvin_multiple;T_waste;Central;179;1;t;0;multi-color;u;a;1;rock eagle;NaN;0;0;0;0;0;0;0;NaN;1;1;NaN;NaN;1;1;1;1;tha;0;NaN;NaN;NaN;0;5;0;0;0;cotton;100;NaN;NaN;NaN;NaN;NaN;NaN;NaN;NaN;NaN;NaN;NaN;NaN;NaN;NaN;NaN;NaN;NaN;NaN;NaN;NaN;NaN;NaN;NaN;NaN;NaN;NaN;NaN;NaN;NaN;NaN;NaN;NaN;NaN;NaN;NaN;NaN
A0030;Aalesund;Attvin_multiple;T_waste;Central;235;4;t;0;multi-color striped;m;a;1;dressmann;0;4;0;0;0;0;0;0;0;0;0;0;0;1;1;1;1;not declared;0;NaN;n;NaN;0;4;0;0;0;cotton;100;NaN;NaN;NaN;NaN;NaN;NaN;NaN;NaN;NaN;NaN;NaN;NaN;NaN;NaN;NaN;NaN;NaN;NaN;NaN;NaN;NaN;NaN;NaN;NaN;NaN;NaN;NaN;NaN;NaN;NaN;NaN;NaN;NaN;NaN;NaN;NaN
A0031;Aalesund;Attvin_multiple;T_waste;Central;154;2;t;0;grey;f;a;1;floyd;0;0;0;0;0;0;0;0;0;0;0;0;0;1;1;1;3;not declared;0;NaN;n;NaN;0;5;0;0;0;polyamide or nylon;21;polyester;29;metallic;50;NaN;NaN;NaN;NaN;NaN;NaN;NaN;NaN;NaN;NaN;NaN;NaN;NaN;NaN;NaN;NaN;NaN;NaN;NaN;NaN;NaN;NaN;NaN;NaN;NaN;NaN;NaN;NaN;NaN;NaN;NaN;NaN
A0032;Aalesund;Attvin_multiple;T_waste;Central;255;26;t;NaN;red;f;a;1;pieces;NaN;0;0;0;0;0;0;0;NaN;0;0;NaN;NaN;0;0;1;NaN;not declared;NaN;NaN;n;NaN;0;5;NaN;0;0;NaN;NaN;NaN;NaN;NaN;NaN;NaN;NaN;NaN;NaN;NaN;NaN;NaN;NaN;NaN;NaN;NaN;NaN;NaN;NaN;NaN;NaN;NaN;NaN;NaN;NaN;NaN;NaN;NaN;NaN;NaN;NaN;NaN;NaN;NaN;NaN;NaN;NaN
A0035;Aalesund;Attvin_multiple;T_waste;Central;111;2;t;0;purple;f;a;0;NaN;0;0;0;0;0;0;0;0;0;0;0;0;0;0;0;1;NaN;not declared;0;NaN;n;NaN;0;3;0;0;0;NaN;NaN;NaN;NaN;NaN;NaN;NaN;NaN;NaN;NaN;NaN;NaN;NaN;NaN;NaN;NaN;NaN;NaN;NaN;NaN;NaN;NaN;NaN;NaN;NaN;NaN;NaN;NaN;NaN;NaN;NaN;NaN;NaN;NaN;NaN;NaN;NaN;NaN
A0037;Aalesund;Attvin_multiple;T_waste;Central;214;26;t;NaN;grey;f;a;1;å;NaN;0;0;0;0;0;0;0;NaN;0;0;NaN;NaN;1;1;1;3;chn;NaN;NaN;n;NaN;0;4;NaN;0;0;viscose;55;polyester;25;cotton;20;NaN;NaN;NaN;NaN;NaN;NaN;NaN;NaN;NaN;NaN;NaN;NaN;NaN;NaN;NaN;NaN;NaN;NaN;NaN;NaN;NaN;NaN;NaN;NaN;NaN;NaN;NaN;NaN;NaN;NaN;NaN;NaN
A0040;Aalesund;Attvin_multiple;T_waste;Central;188;2;t;NaN;black;f;a;1;zara;NaN;2;0;0;1;0;0;0;NaN;0;0;NaN;NaN;1;1;1;2;mar;NaN;NaN;n;NaN;0;5;NaN;0;0;polyamide or nylon;92;elastane;8;NaN;NaN;NaN;NaN;NaN;NaN;NaN;NaN;NaN;NaN;NaN;NaN;NaN;NaN;NaN;NaN;NaN;NaN;NaN;NaN;NaN;NaN;NaN;NaN;NaN;NaN;NaN;NaN;NaN;NaN;NaN;NaN;NaN;NaN
A0041;Aalesund;Attvin_multiple;T_waste;Central;290;26;t;NaN;black;f;a;1;cubus;NaN;0;0;0;0;0;0;0;NaN;0;0;NaN;NaN;1;1;1;1;bgd;NaN;NaN;n;NaN;0;3;NaN;1;1;wool;100;NaN;NaN;NaN;NaN;NaN;NaN;NaN;NaN;NaN;NaN;NaN;NaN;NaN;NaN;NaN;NaN;NaN;NaN;NaN;NaN;NaN;NaN;NaN;NaN;NaN;NaN;NaN;NaN;NaN;NaN;NaN;NaN;NaN;NaN;NaN;NaN
A0042;Aalesund;Attvin_multiple;T_waste;Central;238;8;t;0;multi-color;f;a;1;pia&paula;NaN;0;0;0;0;0;0;0;NaN;0;0;NaN;NaN;0;0;1;NaN;not declared;0;NaN;NaN;NaN;0;2;0;0;0;NaN;NaN;NaN;NaN;NaN;NaN;NaN;NaN;NaN;NaN;NaN;NaN;cotton;100;NaN;NaN;NaN;NaN;NaN;NaN;NaN;NaN;NaN;NaN;NaN;NaN;NaN;NaN;NaN;NaN;NaN;NaN;NaN;NaN;NaN;NaN;NaN;NaN
A0047;Aalesund;Attvin_multiple;T_waste;Central;513;8;t;NaN;grey;f;a;1;calvin klein;NaN;0;0;0;0;4;0;0;NaN;0;0;NaN;NaN;1;1;1;1;prt;NaN;NaN;n;rn36543;0;4;NaN;0;0;cotton;100;NaN;NaN;NaN;NaN;NaN;NaN;NaN;NaN;NaN;NaN;NaN;NaN;NaN;NaN;NaN;NaN;NaN;NaN;NaN;NaN;NaN;NaN;NaN;NaN;NaN;NaN;NaN;NaN;NaN;NaN;NaN;NaN;NaN;NaN;NaN;NaN
A0049;Aalesund;Attvin_multiple;T_waste;Central;499;26;t;0;multi-color;f;a;1;gerry weber;NaN;0;0;0;0;0;0;0;NaN;0;0;NaN;NaN;1;1;1;2;not declared;0;NaN;NaN;671023-35713-9111;0;5;0;0;0;viscose;62;polyester;38;NaN;NaN;NaN;NaN;NaN;NaN;NaN;NaN;NaN;NaN;NaN;NaN;NaN;NaN;NaN;NaN;NaN;NaN;NaN;NaN;NaN;NaN;NaN;NaN;NaN;NaN;NaN;NaN;NaN;NaN;NaN;NaN;NaN;NaN
A0050;Aalesund;Attvin_multiple;T_waste;Central;328;8;k;0;grey;f;a;1;downtown new york;NaN;0;0;0;0;0;0;0;NaN;0;0;NaN;NaN;1;1;1;3;chn;0;NaN;NaN;18fw.l.sw-callan;0;4;0;0;0;NaN;NaN;NaN;NaN;NaN;NaN;NaN;NaN;NaN;NaN;NaN;NaN;NaN;NaN;NaN;NaN;NaN;NaN;NaN;NaN;NaN;NaN;NaN;NaN;NaN;NaN;NaN;NaN;NaN;NaN;NaN;NaN;NaN;NaN;NaN;NaN;NaN;NaN
A0051;Aalesund;Attvin_multiple;T_waste;Central;272;26;k;0;white;f;a;1;urban pioneers;NaN;0;0;0;0;0;0;0;NaN;0;0;NaN;NaN;1;1;1;2;chn;0;NaN;NaN;203692103;0;5;0;0;0;cotton;90;cashmere;10;NaN;NaN;NaN;NaN;NaN;NaN;NaN;NaN;NaN;NaN;NaN;NaN;NaN;NaN;NaN;NaN;NaN;NaN;NaN;NaN;NaN;NaN;NaN;NaN;NaN;NaN;NaN;NaN;NaN;NaN;NaN;NaN;NaN;NaN
A0052;Aalesund;Attvin_multiple;T_waste;Central;283;1;k;0;grey;u;a;1;mbym;NaN;0;0;0;0;0;0;0;NaN;0;0;NaN;NaN;1;1;1;2;chn;0;NaN;NaN;42337578 / k6430;0;4;0;0;0;cotton;60;acrylic;40;NaN;NaN;NaN;NaN;NaN;NaN;NaN;NaN;NaN;NaN;NaN;NaN;NaN;NaN;NaN;NaN;NaN;NaN;NaN;NaN;NaN;NaN;NaN;NaN;NaN;NaN;NaN;NaN;NaN;NaN;NaN;NaN;NaN;NaN
A0053;Aalesund;Attvin_multiple;T_waste;Central;543;11;t;0;blue;u;a;1;bik bok;NaN;0;0;0;1;0;0;0;NaN;0;0;NaN;NaN;1;1;1;1;chn;0;NaN;NaN;7,0729E+14;0;4;0;0;0;cotton;50;polyester;50;NaN;NaN;NaN;NaN;NaN;NaN;NaN;NaN;NaN;NaN;NaN;NaN;NaN;NaN;NaN;NaN;NaN;NaN;NaN;NaN;NaN;NaN;NaN;NaN;NaN;NaN;NaN;NaN;NaN;NaN;NaN;NaN;NaN;NaN
A0054;Aalesund;Attvin_multiple;T_waste;Central;632;5;t;NaN;blue;f;a;1;lee;NaN;0;0;0;0;4;0;0;NaN;0;0;NaN;NaN;1;1;1;3;bgd;NaN;NaN;n;NaN;0;2;NaN;1;1;cotton;93;polyester;5;elastane;2;NaN;NaN;NaN;NaN;NaN;NaN;NaN;NaN;NaN;NaN;NaN;NaN;NaN;NaN;NaN;NaN;NaN;NaN;NaN;NaN;NaN;NaN;NaN;NaN;NaN;NaN;NaN;NaN;NaN;NaN;NaN;NaN
A0055;Aalesund;Attvin_multiple;T_waste;Central;864;2;k;NaN;multi-color;u;a;1;skjæveland;NaN;0;0;0;0;6;0;0;NaN;0;0;NaN;NaN;1;1;1;1;nor;NaN;NaN;n;NaN;0;5;NaN;0;0;wool;100;NaN;NaN;NaN;NaN;NaN;NaN;NaN;NaN;NaN;NaN;NaN;NaN;NaN;NaN;NaN;NaN;NaN;NaN;NaN;NaN;NaN;NaN;NaN;NaN;NaN;NaN;NaN;NaN;NaN;NaN;NaN;NaN;NaN;NaN;NaN;NaN
A0058;Aalesund;Attvin_multiple;T_waste;Central;242;9;t;NaN;multi-color pattern;f;a;0;NaN;NaN;0;0;0;1;0;0;0;NaN;0;0;NaN;NaN;1;1;2;1;gbr;NaN;NaN;o;NaN;0;4;NaN;0;0;polyester;100;NaN;NaN;NaN;NaN;NaN;NaN;NaN;NaN;NaN;NaN;polyester;100;NaN;NaN;NaN;NaN;NaN;NaN;NaN;NaN;NaN;NaN;NaN;NaN;NaN;NaN;NaN;NaN;NaN;NaN;NaN;NaN;NaN;NaN;NaN;NaN
A0064;Aalesund;Attvin_multiple;T_waste;Central;391;9;t;NaN;multi-color pattern;f;a;0;NaN;NaN;0;0;0;1;0;0;0;NaN;0;0;NaN;NaN;0;0;1;NaN;nor;NaN;NaN;n;NaN;0;2;NaN;0;0;NaN;NaN;NaN;NaN;NaN;NaN;NaN;NaN;NaN;NaN;NaN;NaN;NaN;NaN;NaN;NaN;NaN;NaN;NaN;NaN;NaN;NaN;NaN;NaN;NaN;NaN;NaN;NaN;NaN;NaN;NaN;NaN;NaN;NaN;NaN;NaN;NaN;NaN
A0066;Aalesund;Attvin_multiple;T_waste;Central;289;9;t;NaN;black;f;a;1;lindex;NaN;0;1;1;1;0;0;0;NaN;0;0;NaN;NaN;1;1;2;3;chn;NaN;NaN;n;NaN;0;5;NaN;0;0;polyester;64;viscose;33;elastane;3;NaN;NaN;NaN;NaN;NaN;NaN;polyester;92;elastane;8;NaN;NaN;NaN;NaN;NaN;NaN;NaN;NaN;NaN;NaN;NaN;NaN;NaN;NaN;NaN;NaN;NaN;NaN;NaN;NaN;NaN;NaN
A0067;Aalesund;Attvin_multiple;T_waste;Central;125;9;t;NaN;multi-color pattern;f;a;0;NaN;NaN;0;0;0;0;0;0;0;NaN;0;0;NaN;NaN;0;0;1;NaN;nor;NaN;NaN;n;NaN;0;4;NaN;0;0;NaN;NaN;NaN;NaN;NaN;NaN;NaN;NaN;NaN;NaN;NaN;NaN;NaN;NaN;NaN;NaN;NaN;NaN;NaN;NaN;NaN;NaN;NaN;NaN;NaN;NaN;NaN;NaN;NaN;NaN;NaN;NaN;NaN;NaN;NaN;NaN;NaN;NaN
A0068;Aalesund;Attvin_multiple;T_waste;Central;200;5;t;NaN;black;f;a;1;cubus;NaN;0;0;0;0;0;0;0;NaN;0;0;NaN;NaN;1;1;1;2;chn;NaN;NaN;n;NaN;0;4;NaN;0;0;polyester;85;elastane;15;NaN;NaN;NaN;NaN;NaN;NaN;NaN;NaN;NaN;NaN;NaN;NaN;NaN;NaN;NaN;NaN;NaN;NaN;NaN;NaN;NaN;NaN;NaN;NaN;NaN;NaN;NaN;NaN;NaN;NaN;NaN;NaN;NaN;NaN
A0069;Aalesund;Attvin_multiple;T_waste;Central;30;21;t;NaN;multi-color pattern;f;a;0;NaN;NaN;0;0;0;0;0;0;0;NaN;0;0;NaN;NaN;0;0;1;NaN;not declared;NaN;NaN;n;NaN;0;4;NaN;0;0;NaN;NaN;NaN;NaN;NaN;NaN;NaN;NaN;NaN;NaN;NaN;NaN;NaN;NaN;NaN;NaN;NaN;NaN;NaN;NaN;NaN;NaN;NaN;NaN;NaN;NaN;NaN;NaN;NaN;NaN;NaN;NaN;NaN;NaN;NaN;NaN;NaN;NaN
A0070;Aalesund;Attvin_multiple;T_waste;Central;182;5;t;NaN;black;f;a;1;cubus;NaN;0;0;0;0;0;0;0;NaN;0;0;NaN;NaN;1;1;1;2;chn;NaN;NaN;n;NaN;0;4;NaN;0;0;polyester;85;elastane;15;NaN;NaN;NaN;NaN;NaN;NaN;NaN;NaN;NaN;NaN;NaN;NaN;NaN;NaN;NaN;NaN;NaN;NaN;NaN;NaN;NaN;NaN;NaN;NaN;NaN;NaN;NaN;NaN;NaN;NaN;NaN;NaN;NaN;NaN
A0071;Aalesund;Attvin_multiple;T_waste;Central;531;18;t;NaN;black;u;a;0;NaN;NaN;0;0;0;0;0;0;0;NaN;0;0;NaN;NaN;1;1;1;1;chn;NaN;NaN;n;NaN;0;4;NaN;0;0;polyester;100;NaN;NaN;NaN;NaN;NaN;NaN;NaN;NaN;NaN;NaN;NaN;NaN;NaN;NaN;NaN;NaN;NaN;NaN;NaN;NaN;NaN;NaN;NaN;NaN;NaN;NaN;NaN;NaN;NaN;NaN;NaN;NaN;NaN;NaN;NaN;NaN
A0072;Aalesund;Attvin_multiple;T_waste;Central;101;26;t;NaN;white;f;a;1;casual wear adelstein;NaN;0;5;0;0;0;0;0;NaN;0;0;NaN;NaN;1;1;1;1;not declared;NaN;NaN;o;NaN;0;3;NaN;0;0;viscose;100;NaN;NaN;NaN;NaN;NaN;NaN;NaN;NaN;NaN;NaN;NaN;NaN;NaN;NaN;NaN;NaN;NaN;NaN;NaN;NaN;NaN;NaN;NaN;NaN;NaN;NaN;NaN;NaN;NaN;NaN;NaN;NaN;NaN;NaN;NaN;NaN
A0073;Aalesund;Attvin_multiple;T_waste;Central;232;4;t;NaN;multi-color striped;m;a;1;sand;NaN;0;8;0;0;0;0;0;NaN;0;0;NaN;NaN;1;1;1;1;eur;NaN;NaN;n;NaN;0;5;NaN;0;0;cotton;100;NaN;NaN;NaN;NaN;NaN;NaN;NaN;NaN;NaN;NaN;NaN;NaN;NaN;NaN;NaN;NaN;NaN;NaN;NaN;NaN;NaN;NaN;NaN;NaN;NaN;NaN;NaN;NaN;NaN;NaN;NaN;NaN;NaN;NaN;NaN;NaN
A0081;Aalesund;Attvin_multiple;T_waste;Central;510;5;t;0;blue;f;a;1;floyd;NaN;1;0;1;0;4;0;0;NaN;0;0;NaN;NaN;1;0;1;4;chn;0;NaN;NaN;NaN;0;4;0;0;0;NaN;NaN;NaN;NaN;NaN;NaN;NaN;NaN;NaN;NaN;NaN;NaN;NaN;NaN;NaN;NaN;NaN;NaN;NaN;NaN;NaN;NaN;NaN;NaN;NaN;NaN;NaN;NaN;NaN;NaN;NaN;NaN;NaN;NaN;NaN;NaN;NaN;NaN
A0082;Aalesund;Attvin_multiple;T_waste;Central;456;5;t;0;grey;f;b;1;zara;NaN;1;0;1;0;2;0;0;NaN;0;0;NaN;NaN;0;0;1;2;not declared;0;NaN;NaN;NaN;0;4;0;0;0;NaN;NaN;NaN;NaN;NaN;NaN;NaN;NaN;NaN;NaN;NaN;NaN;NaN;NaN;NaN;NaN;NaN;NaN;NaN;NaN;NaN;NaN;NaN;NaN;NaN;NaN;NaN;NaN;NaN;NaN;NaN;NaN;NaN;NaN;NaN;NaN;NaN;NaN
A0083;Aalesund;Attvin_multiple;T_waste;Central;416;5;t;0;blue;f;c;1;lee;NaN;0;0;0;0;0;0;0;NaN;0;0;NaN;NaN;1;1;1;3;bgd;0;NaN;NaN;l30chazv;0;4;0;0;0;cotton;85,5;polyester;13;elastane;1,5;NaN;NaN;NaN;NaN;NaN;NaN;NaN;NaN;NaN;NaN;NaN;NaN;NaN;NaN;NaN;NaN;NaN;NaN;NaN;NaN;NaN;NaN;NaN;NaN;NaN;NaN;NaN;NaN;NaN;NaN;NaN;NaN
A0084;Aalesund;Attvin_multiple;T_waste;Central;161;1;t;0;black;u;a;1;clique;NaN;0;0;0;0;0;0;0;NaN;1;0;NaN;NaN;1;1;1;1;bgd;0;NaN;NaN;NaN;0;5;0;0;0;cotton;100;NaN;NaN;NaN;NaN;NaN;NaN;NaN;NaN;NaN;NaN;NaN;NaN;NaN;NaN;NaN;NaN;NaN;NaN;NaN;NaN;NaN;NaN;NaN;NaN;NaN;NaN;NaN;NaN;NaN;NaN;NaN;NaN;NaN;NaN;NaN;NaN
A0085;Aalesund;Attvin_multiple;T_waste;Central;150;1;t;0;green;u;a;1;norrøna;NaN;0;0;0;0;0;0;0;NaN;1;1;NaN;NaN;1;1;1;1;chn;0;NaN;NaN;106545;0;4;0;0;0;cotton;100;NaN;NaN;NaN;NaN;NaN;NaN;NaN;NaN;NaN;NaN;NaN;NaN;NaN;NaN;NaN;NaN;NaN;NaN;NaN;NaN;NaN;NaN;NaN;NaN;NaN;NaN;NaN;NaN;NaN;NaN;NaN;NaN;NaN;NaN;NaN;NaN
A0086;Aalesund;Attvin_multiple;T_waste;Central;157;1;t;0;multi-color;u;a;1;norrøna;NaN;0;0;0;0;0;0;0;NaN;1;1;NaN;NaN;1;1;1;1;chn;0;NaN;NaN;107249;0;5;0;0;0;polyester;100;NaN;NaN;NaN;NaN;NaN;NaN;NaN;NaN;NaN;NaN;NaN;NaN;NaN;NaN;NaN;NaN;NaN;NaN;NaN;NaN;NaN;NaN;NaN;NaN;NaN;NaN;NaN;NaN;NaN;NaN;NaN;NaN;NaN;NaN;NaN;NaN
A0087;Aalesund;Attvin_multiple;T_waste;Central;247;26;t;0;multi-color;m;c;1;h&m;NaN;0;0;0;0;0;0;0;NaN;0;0;NaN;NaN;1;1;1;2;bgd;0;NaN;NaN;o/n 262143;0;4;0;0;0;cotton;80;polyester;20;NaN;NaN;NaN;NaN;NaN;NaN;NaN;NaN;NaN;NaN;NaN;NaN;NaN;NaN;NaN;NaN;NaN;NaN;NaN;NaN;NaN;NaN;NaN;NaN;NaN;NaN;NaN;NaN;NaN;NaN;NaN;NaN;NaN;NaN
A0088;Aalesund;Attvin_multiple;T_waste;Central;95;1;t;0;red;f;a;1;tara;NaN;0;0;0;0;0;0;0;NaN;0;0;NaN;NaN;0;0;1;1;not declared;0;NaN;NaN;NaN;0;4;0;0;0;NaN;NaN;NaN;NaN;NaN;NaN;NaN;NaN;NaN;NaN;NaN;NaN;NaN;NaN;NaN;NaN;NaN;NaN;NaN;NaN;NaN;NaN;NaN;NaN;NaN;NaN;NaN;NaN;NaN;NaN;NaN;NaN;NaN;NaN;NaN;NaN;NaN;NaN
A0089;Aalesund;Attvin_multiple;T_waste;Central;89;5;t;0;multi-color;u;a;0;NaN;NaN;0;0;0;0;0;0;0;NaN;0;0;NaN;NaN;1;1;1;1;chn;0;NaN;NaN;7,0946E+14;0;4;0;0;0;cotton;100;NaN;NaN;NaN;NaN;NaN;NaN;NaN;NaN;NaN;NaN;NaN;NaN;NaN;NaN;NaN;NaN;NaN;NaN;NaN;NaN;NaN;NaN;NaN;NaN;NaN;NaN;NaN;NaN;NaN;NaN;NaN;NaN;NaN;NaN;NaN;NaN
A0090;Aalesund;Attvin_multiple;T_waste;Central;393;6;t;NaN;orange;m;a;1;norrøna;NaN;2;0;0;8;0;0;0;NaN;1;0;NaN;NaN;1;1;1;2;vnm;NaN;NaN;n;NaN;0;2;NaN;0;0;polyamide or nylon;100;NaN;NaN;NaN;NaN;NaN;NaN;NaN;NaN;NaN;NaN;polyamide or nylon;88;elastane;12;NaN;NaN;NaN;NaN;NaN;NaN;NaN;NaN;NaN;NaN;NaN;NaN;NaN;NaN;NaN;NaN;NaN;NaN;NaN;NaN;NaN;NaN
A0091;Aalesund;Attvin_multiple;T_waste;Central;267;27;t;NaN;black;m;a;1;peak performance;NaN;0;0;0;0;0;0;0;NaN;1;0;NaN;NaN;1;1;3;1;not declared;NaN;NaN;o;NaN;0;4;NaN;0;1;polyester;100;NaN;NaN;NaN;NaN;NaN;NaN;NaN;NaN;NaN;NaN;NaN;NaN;NaN;NaN;NaN;NaN;NaN;NaN;NaN;NaN;NaN;NaN;NaN;NaN;NaN;NaN;NaN;NaN;NaN;NaN;NaN;NaN;NaN;NaN;NaN;NaN
A0092;Aalesund;Attvin_multiple;T_waste;Central;333;11;t;NaN;multi-color;f;a;1;kari traa;NaN;0;0;0;3;0;0;0;NaN;1;0;NaN;NaN;1;1;2;2;chn;NaN;NaN;n;NaN;0;5;NaN;0;0;polyester;100;NaN;NaN;NaN;NaN;NaN;NaN;NaN;NaN;NaN;NaN;polyester;91;elastane;9;NaN;NaN;NaN;NaN;NaN;NaN;NaN;NaN;NaN;NaN;NaN;NaN;NaN;NaN;NaN;NaN;NaN;NaN;NaN;NaN;NaN;NaN
A0093;Aalesund;Attvin_multiple;T_waste;Central;277;9;t;NaN;grey;f;a;1;brandsdal;NaN;0;0;0;0;0;0;0;NaN;0;0;NaN;NaN;1;1;1;2;chn;NaN;NaN;n;NaN;0;5;NaN;0;0;viscose;95;elastane;5;NaN;NaN;NaN;NaN;NaN;NaN;NaN;NaN;NaN;NaN;NaN;NaN;NaN;NaN;NaN;NaN;NaN;NaN;NaN;NaN;NaN;NaN;NaN;NaN;NaN;NaN;NaN;NaN;NaN;NaN;NaN;NaN;NaN;NaN
A0094;Aalesund;Attvin_multiple;T_waste;Central;111;1;t;NaN;white;f;a;1;vero moda;NaN;0;0;0;0;0;0;0;NaN;0;0;NaN;NaN;0;0;1;NaN;not declared;NaN;NaN;n;NaN;0;4;NaN;0;0;NaN;NaN;NaN;NaN;NaN;NaN;NaN;NaN;NaN;NaN;NaN;NaN;NaN;NaN;NaN;NaN;NaN;NaN;NaN;NaN;NaN;NaN;NaN;NaN;NaN;NaN;NaN;NaN;NaN;NaN;NaN;NaN;NaN;NaN;NaN;NaN;NaN;NaN
A0095;Aalesund;Attvin_multiple;T_waste;Central;178;1;t;NaN;blue;m;a;1;batistini;NaN;0;3;0;0;0;0;0;NaN;0;0;NaN;NaN;1;1;1;2;tur;NaN;NaN;n;NaN;0;4;NaN;0;0;cotton;70;polyester;30;NaN;NaN;NaN;NaN;NaN;NaN;NaN;NaN;NaN;NaN;NaN;NaN;NaN;NaN;NaN;NaN;NaN;NaN;NaN;NaN;NaN;NaN;NaN;NaN;NaN;NaN;NaN;NaN;NaN;NaN;NaN;NaN;NaN;NaN
A0096;Aalesund;Attvin_multiple;T_waste;Central;183;1;t;NaN;black;f;a;1;zara;NaN;0;0;0;0;0;0;0;NaN;0;0;NaN;NaN;1;1;1;NaN;prt;NaN;NaN;n;NaN;0;4;NaN;0;0;NaN;NaN;NaN;NaN;NaN;NaN;NaN;NaN;NaN;NaN;NaN;NaN;NaN;NaN;NaN;NaN;NaN;NaN;NaN;NaN;NaN;NaN;NaN;NaN;NaN;NaN;NaN;NaN;NaN;NaN;NaN;NaN;NaN;NaN;NaN;NaN;NaN;NaN
A01000;Aalesund;Attvin_multiple;T_waste;Central;567;11;t;0;green;u;a;1;adidas;0;0;0;0;3;0;0;0;0;1;0;NaN;0;1;1;4;1;phl;0;NaN;o;NaN;0;5;0;0;0;polyester;100;NaN;NaN;NaN;NaN;NaN;NaN;NaN;NaN;NaN;NaN;polyester;100;NaN;NaN;NaN;NaN;NaN;NaN;NaN;NaN;NaN;NaN;polyester;100;NaN;NaN;NaN;NaN;NaN;NaN;NaN;NaN;NaN;NaN;NaN;NaN
A0106;Aalesund;Attvin_multiple;T_waste;Central;261;2;t;NaN;white;f;a;1;va vite;NaN;0;7;0;0;0;0;0;NaN;0;0;NaN;NaN;1;1;1;3;chn;NaN;NaN;n;NaN;0;4;NaN;0;0;cotton;55;acrylic;40;elastane;5;NaN;NaN;NaN;NaN;NaN;NaN;NaN;NaN;NaN;NaN;NaN;NaN;NaN;NaN;NaN;NaN;NaN;NaN;NaN;NaN;NaN;NaN;NaN;NaN;NaN;NaN;NaN;NaN;NaN;NaN;NaN;NaN
A0107;Aalesund;Attvin_multiple;T_waste;Central;255;11;t;NaN;black;f;a;1;missing link;NaN;0;0;3;0;0;0;0;NaN;0;0;NaN;NaN;1;1;1;2;eu-27;NaN;NaN;n;NaN;0;4;NaN;0;0;polyester;93;fluorofibre;7;NaN;NaN;NaN;NaN;NaN;NaN;NaN;NaN;NaN;NaN;NaN;NaN;NaN;NaN;NaN;NaN;NaN;NaN;NaN;NaN;NaN;NaN;NaN;NaN;NaN;NaN;NaN;NaN;NaN;NaN;NaN;NaN;NaN;NaN
A0108;Aalesund;Attvin_multiple;T_waste;Central;621;11;t;NaN;red;f;a;1;jean paul;NaN;9;0;1;0;4;0;0;NaN;1;0;NaN;NaN;1;1;1;1;not declared;NaN;NaN;o;NaN;0;3;NaN;0;0;polyamide or nylon;100;NaN;NaN;NaN;NaN;NaN;NaN;NaN;NaN;NaN;NaN;NaN;NaN;NaN;NaN;NaN;NaN;NaN;NaN;NaN;NaN;NaN;NaN;NaN;NaN;NaN;NaN;NaN;NaN;NaN;NaN;NaN;NaN;NaN;NaN;NaN;NaN
A0109;Aalesund;Attvin_multiple;T_waste;Central;280;3;t;NaN;multi-color pattern;f;a;1;ki-ki of norway;NaN;0;0;0;0;0;0;0;NaN;0;0;NaN;NaN;1;1;1;1;gbr;NaN;NaN;o;NaN;0;4;NaN;0;0;polyester;100;NaN;NaN;NaN;NaN;NaN;NaN;NaN;NaN;NaN;NaN;NaN;NaN;NaN;NaN;NaN;NaN;NaN;NaN;NaN;NaN;NaN;NaN;NaN;NaN;NaN;NaN;NaN;NaN;NaN;NaN;NaN;NaN;NaN;NaN;NaN;NaN
A0110;Aalesund;Attvin_multiple;T_waste;Central;106;1;t;NaN;yellow;f;a;1;gina tricot;NaN;0;0;0;0;0;0;0;NaN;0;0;NaN;NaN;1;1;1;1;bgd;NaN;NaN;n;NaN;0;5;NaN;0;0;cotton;100;NaN;NaN;NaN;NaN;NaN;NaN;NaN;NaN;NaN;NaN;NaN;NaN;NaN;NaN;NaN;NaN;NaN;NaN;NaN;NaN;NaN;NaN;NaN;NaN;NaN;NaN;NaN;NaN;NaN;NaN;NaN;NaN;NaN;NaN;NaN;NaN
A0113;Aalesund;Attvin_multiple;T_waste;Central;85;26;t;0;red;f;c;1;chèrie;NaN;0;4;0;0;0;0;0;NaN;0;0;NaN;NaN;1;1;1;2;not declared;0;NaN;NaN;90604;0;4;0;0;0;cotton;80;polyester;20;NaN;NaN;NaN;NaN;NaN;NaN;NaN;NaN;NaN;NaN;NaN;NaN;NaN;NaN;NaN;NaN;NaN;NaN;NaN;NaN;NaN;NaN;NaN;NaN;NaN;NaN;NaN;NaN;NaN;NaN;NaN;NaN;NaN;NaN
A0114;Aalesund;Attvin_multiple;T_waste;Central;192;12;t;0;red;f;c;1;juno;NaN;2;4;0;0;0;0;0;NaN;0;0;NaN;NaN;0;0;1;2;not declared;0;NaN;NaN;NaN;0;3;0;0;0;NaN;NaN;NaN;NaN;NaN;NaN;NaN;NaN;NaN;NaN;NaN;NaN;NaN;NaN;NaN;NaN;NaN;NaN;NaN;NaN;NaN;NaN;NaN;NaN;NaN;NaN;NaN;NaN;NaN;NaN;NaN;NaN;NaN;NaN;NaN;NaN;NaN;NaN
A0115;Aalesund;Attvin_multiple;T_waste;Central;299;12;k;0;red;f;c;0;NaN;NaN;0;0;0;1;0;0;0;NaN;0;0;NaN;NaN;0;0;1;1;not declared;NaN;NaN;NaN;NaN;0;4;0;0;1;NaN;NaN;NaN;NaN;NaN;NaN;NaN;NaN;NaN;NaN;NaN;NaN;NaN;NaN;NaN;NaN;NaN;NaN;NaN;NaN;NaN;NaN;NaN;NaN;NaN;NaN;NaN;NaN;NaN;NaN;NaN;NaN;NaN;NaN;NaN;NaN;NaN;NaN
A0116;Aalesund;Attvin_multiple;T_waste;Central;501;26;t;0;blue;m;a;1;tommy hilfiger;NaN;0;0;0;0;0;0;0;NaN;1;1;NaN;NaN;1;1;1;2;not declared;0;NaN;NaN;rn 77806;0;4;0;0;0;polyester;75;cotton;25;NaN;NaN;NaN;NaN;NaN;NaN;NaN;NaN;NaN;NaN;NaN;NaN;NaN;NaN;NaN;NaN;NaN;NaN;NaN;NaN;NaN;NaN;NaN;NaN;NaN;NaN;NaN;NaN;NaN;NaN;NaN;NaN;NaN;NaN
A0117;Aalesund;Attvin_multiple;T_waste;Central;208;2;k;0;blue;u;a;1;ffdvar;NaN;0;0;0;1;0;0;0;NaN;0;0;NaN;NaN;1;1;1;3;not declared;0;NaN;NaN;NaN;0;4;0;0;0;polyester;80;polyamide or nylon;15;elastane;5;NaN;NaN;NaN;NaN;NaN;NaN;NaN;NaN;NaN;NaN;NaN;NaN;NaN;NaN;NaN;NaN;NaN;NaN;NaN;NaN;NaN;NaN;NaN;NaN;NaN;NaN;NaN;NaN;NaN;NaN;NaN;NaN
A0118;Aalesund;Attvin_multiple;T_waste;Central;294;6;t;0;blue;u;a;1;norrøna;NaN;2;0;0;1;0;0;0;NaN;0;0;NaN;NaN;1;1;1;1;not declared;0;NaN;NaN;4353-10;0;4;0;0;0;polyamide or nylon;100;NaN;NaN;NaN;NaN;NaN;NaN;NaN;NaN;NaN;NaN;NaN;NaN;NaN;NaN;NaN;NaN;NaN;NaN;NaN;NaN;NaN;NaN;NaN;NaN;NaN;NaN;NaN;NaN;NaN;NaN;NaN;NaN;NaN;NaN;NaN;NaN
A0119;Aalesund;Attvin_multiple;T_waste;Central;230;12;k;0;multi-color;u;c;0;NaN;NaN;NaN;0;0;0;0;0;0;NaN;0;0;NaN;NaN;0;0;1;NaN;not declared;0;NaN;NaN;NaN;0;3;1;1;1;NaN;NaN;NaN;NaN;NaN;NaN;NaN;NaN;NaN;NaN;NaN;NaN;NaN;NaN;NaN;NaN;NaN;NaN;NaN;NaN;NaN;NaN;NaN;NaN;NaN;NaN;NaN;NaN;NaN;NaN;NaN;NaN;NaN;NaN;NaN;NaN;NaN;NaN
A0120;Aalesund;Attvin_multiple;T_waste;Central;271;1;t;0;black;m;a;1;yôke;NaN;0;0;0;0;0;0;0;NaN;1;0;NaN;NaN;1;1;1;1;bgd;0;NaN;NaN;7,2537E+14;0;4;0;0;0;cotton;100;NaN;NaN;NaN;NaN;NaN;NaN;NaN;NaN;NaN;NaN;NaN;NaN;NaN;NaN;NaN;NaN;NaN;NaN;NaN;NaN;NaN;NaN;NaN;NaN;NaN;NaN;NaN;NaN;NaN;NaN;NaN;NaN;NaN;NaN;NaN;NaN
A0121;Aalesund;Attvin_multiple;T_waste;Central;735;5;t;0;blue;m;a;1;dressmann;NaN;1;0;1;0;6;0;0;NaN;0;0;NaN;NaN;1;1;1;2;bgd;0;NaN;NaN;38-30;0;4;0;0;0;cotton;98;elastane;2;NaN;NaN;NaN;NaN;NaN;NaN;NaN;NaN;NaN;NaN;NaN;NaN;NaN;NaN;NaN;NaN;NaN;NaN;NaN;NaN;NaN;NaN;NaN;NaN;NaN;NaN;NaN;NaN;NaN;NaN;NaN;NaN;NaN;NaN
A0123;Aalesund;Attvin_multiple;T_waste;Central;117;8;t;0;multi-color pattern;f;c;0;NaN;0;6;2;0;0;0;0;0;0;0;0;NaN;0;1;1;1;2;usa;0;NaN;n;NaN;0;5;0;0;0;polyester;80;cotton;20;NaN;NaN;NaN;NaN;NaN;NaN;NaN;NaN;NaN;NaN;NaN;NaN;NaN;NaN;NaN;NaN;NaN;NaN;NaN;NaN;NaN;NaN;NaN;NaN;NaN;NaN;NaN;NaN;NaN;NaN;NaN;NaN;NaN;NaN
A0124;Aalesund;Attvin_multiple;T_waste;Central;358;5;t;0;grey;f;c;1;lindex;0;0;0;0;0;0;0;0;0;0;0;NaN;0;1;1;3;3;bgd;0;NaN;n;NaN;0;3;0;0;0;cotton;77;polyester;22;viscose;1;NaN;NaN;NaN;NaN;NaN;NaN;NaN;NaN;NaN;NaN;NaN;NaN;NaN;NaN;NaN;NaN;NaN;NaN;NaN;NaN;NaN;NaN;NaN;NaN;NaN;NaN;NaN;NaN;NaN;NaN;NaN;NaN
A0125;Aalesund;Attvin_multiple;T_waste;Central;167;5;t;0;grey;f;c;1;h&m;0;0;0;0;0;0;0;0;0;0;0;NaN;0;1;1;2;2;bgd;0;NaN;n;NaN;0;4;0;0;0;cotton;60;polyester;40;NaN;NaN;NaN;NaN;NaN;NaN;NaN;NaN;NaN;NaN;NaN;NaN;NaN;NaN;NaN;NaN;NaN;NaN;NaN;NaN;NaN;NaN;NaN;NaN;NaN;NaN;NaN;NaN;NaN;NaN;NaN;NaN;NaN;NaN
A0126;Aalesund;Attvin_multiple;T_waste;Central;30;27;k;0;red;f;a;1;norrøna;0;0;0;0;0;0;0;0;0;1;1;NaN;0;1;1;1;1;chn;0;NaN;n;NaN;0;5;0;0;0;wool;100;NaN;NaN;NaN;NaN;NaN;NaN;NaN;NaN;NaN;NaN;NaN;NaN;NaN;NaN;NaN;NaN;NaN;NaN;NaN;NaN;NaN;NaN;NaN;NaN;NaN;NaN;NaN;NaN;NaN;NaN;NaN;NaN;NaN;NaN;NaN;NaN
A0127;Aalesund;Attvin_multiple;T_waste;Central;70;12;t;0;multi-color;f;b;1;reflex;0;5;0;0;0;0;0;0;0;1;1;NaN;0;1;1;2;2;not declared;1;NaN;n;NaN;0;4;0;0;0;cotton;95;elastane;5;NaN;NaN;NaN;NaN;NaN;NaN;NaN;NaN;NaN;NaN;NaN;NaN;NaN;NaN;NaN;NaN;NaN;NaN;NaN;NaN;NaN;NaN;NaN;NaN;NaN;NaN;NaN;NaN;NaN;NaN;NaN;NaN;NaN;NaN
A0128;Aalesund;Attvin_multiple;T_waste;Central;122;1;t;0;grey;f;a;1;house;0;0;0;0;0;0;0;0;0;1;1;NaN;0;1;1;2;2;bgd;0;NaN;n;NaN;0;4;0;0;0;cotton;70;viscose;30;NaN;NaN;NaN;NaN;NaN;NaN;NaN;NaN;NaN;NaN;NaN;NaN;NaN;NaN;NaN;NaN;NaN;NaN;NaN;NaN;NaN;NaN;NaN;NaN;NaN;NaN;NaN;NaN;NaN;NaN;NaN;NaN;NaN;NaN
A0129;Aalesund;Attvin_multiple;T_waste;Central;274;26;k;0;green;f;a;1;vila;0;0;0;0;0;0;0;0;0;0;0;NaN;0;1;1;1;1;bgd;0;NaN;n;NaN;0;5;0;0;0;cotton;100;NaN;NaN;NaN;NaN;NaN;NaN;NaN;NaN;NaN;NaN;NaN;NaN;NaN;NaN;NaN;NaN;NaN;NaN;NaN;NaN;NaN;NaN;NaN;NaN;NaN;NaN;NaN;NaN;NaN;NaN;NaN;NaN;NaN;NaN;NaN;NaN
A0130;Aalesund;Attvin_multiple;T_waste;Central;151;1;t;0;blue;m;a;1;nike;0;0;0;0;0;0;0;0;0;1;0;NaN;0;1;1;1;1;vnm;0;NaN;n;NaN;0;5;0;0;0;cotton;100;NaN;NaN;NaN;NaN;NaN;NaN;NaN;NaN;NaN;NaN;NaN;NaN;NaN;NaN;NaN;NaN;NaN;NaN;NaN;NaN;NaN;NaN;NaN;NaN;NaN;NaN;NaN;NaN;NaN;NaN;NaN;NaN;NaN;NaN;NaN;NaN
A0131;Aalesund;Attvin_multiple;T_waste;Central;444;14;t;0;white;u;a;0;NaN;0;0;0;0;0;0;0;0;0;0;0;NaN;0;0;0;1;NaN;not declared;0;NaN;n;NaN;0;1;0;1;0;NaN;NaN;NaN;NaN;NaN;NaN;NaN;NaN;NaN;NaN;NaN;NaN;NaN;NaN;NaN;NaN;NaN;NaN;NaN;NaN;NaN;NaN;NaN;NaN;NaN;NaN;NaN;NaN;NaN;NaN;NaN;NaN;NaN;NaN;NaN;NaN;NaN;NaN
A0132;Aalesund;Attvin_multiple;T_waste;Central;300;5;t;0;white;m;a;0;NaN;0;0;0;0;0;0;0;0;0;0;0;NaN;0;0;0;1;1;not declared;0;NaN;n;NaN;0;4;1;1;0;NaN;NaN;NaN;NaN;NaN;NaN;NaN;NaN;NaN;NaN;NaN;NaN;NaN;NaN;NaN;NaN;NaN;NaN;NaN;NaN;NaN;NaN;NaN;NaN;NaN;NaN;NaN;NaN;NaN;NaN;NaN;NaN;NaN;NaN;NaN;NaN;NaN;NaN
A0141;Aalesund;Attvin_multiple;T_waste;Central;143;1;t;NaN;purple;u;a;1;jack & jones;NaN;0;0;0;0;0;0;0;NaN;0;0;NaN;NaN;1;1;1;1;tur;NaN;NaN;n;NaN;0;4;NaN;0;0;cotton;100;NaN;NaN;NaN;NaN;NaN;NaN;NaN;NaN;NaN;NaN;NaN;NaN;NaN;NaN;NaN;NaN;NaN;NaN;NaN;NaN;NaN;NaN;NaN;NaN;NaN;NaN;NaN;NaN;NaN;NaN;NaN;NaN;NaN;NaN;NaN;NaN
A0142;Aalesund;Attvin_multiple;T_waste;Central;176;6;t;NaN;grey;f;b;0;NaN;NaN;0;2;0;0;0;0;0;NaN;0;0;NaN;NaN;0;0;1;NaN;not declared;NaN;NaN;n;NaN;0;4;NaN;0;0;NaN;NaN;NaN;NaN;NaN;NaN;NaN;NaN;NaN;NaN;NaN;NaN;NaN;NaN;NaN;NaN;NaN;NaN;NaN;NaN;NaN;NaN;NaN;NaN;NaN;NaN;NaN;NaN;NaN;NaN;NaN;NaN;NaN;NaN;NaN;NaN;NaN;NaN
A0143;Aalesund;Attvin_multiple;T_waste;Central;205;2;t;NaN;pink;f;b;1;me mini;NaN;3;4;0;0;0;0;0;NaN;0;0;NaN;NaN;1;1;1;2;ind;NaN;NaN;n;NaN;0;4;NaN;0;0;cotton;92;elastane;8;NaN;NaN;NaN;NaN;NaN;NaN;NaN;NaN;NaN;NaN;NaN;NaN;NaN;NaN;NaN;NaN;NaN;NaN;NaN;NaN;NaN;NaN;NaN;NaN;NaN;NaN;NaN;NaN;NaN;NaN;NaN;NaN;NaN;NaN
A0144;Aalesund;Attvin_multiple;T_waste;Central;71;8;t;NaN;multi-color;f;c;0;NaN;NaN;0;0;0;0;0;0;0;NaN;0;0;NaN;NaN;0;0;1;NaN;not declared;NaN;NaN;n;NaN;0;4;NaN;0;0;NaN;NaN;NaN;NaN;NaN;NaN;NaN;NaN;NaN;NaN;NaN;NaN;NaN;NaN;NaN;NaN;NaN;NaN;NaN;NaN;NaN;NaN;NaN;NaN;NaN;NaN;NaN;NaN;NaN;NaN;NaN;NaN;NaN;NaN;NaN;NaN;NaN;NaN
A0145;Aalesund;Attvin_multiple;T_waste;Central;179;8;t;NaN;multi-color striped;f;c;1;h&m;NaN;0;0;0;0;0;0;0;NaN;0;0;NaN;NaN;1;1;1;1;chn;NaN;NaN;n;NaN;0;4;NaN;0;0;cotton;100;NaN;NaN;NaN;NaN;NaN;NaN;NaN;NaN;NaN;NaN;NaN;NaN;NaN;NaN;NaN;NaN;NaN;NaN;NaN;NaN;NaN;NaN;NaN;NaN;NaN;NaN;NaN;NaN;NaN;NaN;NaN;NaN;NaN;NaN;NaN;NaN
A0146;Aalesund;Attvin_multiple;T_waste;Central;220;8;t;NaN;multi-color pattern;f;c;1;baby bright;NaN;0;1;0;0;0;0;0;NaN;0;0;NaN;NaN;1;1;1;2;gbr;NaN;NaN;o;NaN;0;4;NaN;0;0;cotton;52;viscose;48;NaN;NaN;NaN;NaN;NaN;NaN;NaN;NaN;NaN;NaN;NaN;NaN;NaN;NaN;NaN;NaN;NaN;NaN;NaN;NaN;NaN;NaN;NaN;NaN;NaN;NaN;NaN;NaN;NaN;NaN;NaN;NaN;NaN;NaN
A0147;Aalesund;Attvin_multiple;T_waste;Central;299;5;t;NaN;white;f;a;1;fb sister;NaN;0;0;0;0;2;0;0;NaN;0;0;NaN;NaN;1;1;1;3;chn;NaN;NaN;n;NaN;0;3;NaN;0;0;polyester;70;viscose;22;cotton;8;NaN;NaN;NaN;NaN;NaN;NaN;NaN;NaN;NaN;NaN;NaN;NaN;NaN;NaN;NaN;NaN;NaN;NaN;NaN;NaN;NaN;NaN;NaN;NaN;NaN;NaN;NaN;NaN;NaN;NaN;NaN;NaN
A0148;Aalesund;Attvin_multiple;T_waste;Central;530;6;t;NaN;grey;m;a;1;quiksilver;NaN;2;9;1;0;0;0;0;NaN;0;0;NaN;NaN;1;1;1;1;chn;NaN;NaN;n;NaN;0;4;NaN;0;0;cotton;100;NaN;NaN;NaN;NaN;NaN;NaN;NaN;NaN;NaN;NaN;NaN;NaN;NaN;NaN;NaN;NaN;NaN;NaN;NaN;NaN;NaN;NaN;NaN;NaN;NaN;NaN;NaN;NaN;NaN;NaN;NaN;NaN;NaN;NaN;NaN;NaN
A0150;Aalesund;Attvin_multiple;T_waste;Central;274;6;t;NaN;blue;f;a;1;kappahl;NaN;0;0;0;0;0;0;0;NaN;0;0;NaN;NaN;1;1;1;3;chn;NaN;NaN;n;NaN;0;3;NaN;0;0;cotton;80;polyester;18;elastane;2;NaN;NaN;NaN;NaN;NaN;NaN;NaN;NaN;NaN;NaN;NaN;NaN;NaN;NaN;NaN;NaN;NaN;NaN;NaN;NaN;NaN;NaN;NaN;NaN;NaN;NaN;NaN;NaN;NaN;NaN;NaN;NaN
A0151;Aalesund;Attvin_multiple;T_waste;Central;978;8;t;0;grey;u;a;1;onepiece;NaN;0;0;0;1;0;0;0;NaN;0;0;NaN;NaN;0;0;1;2;not declared;0;NaN;NaN;NaN;0;2;1;1;0;NaN;NaN;NaN;NaN;NaN;NaN;NaN;NaN;NaN;NaN;NaN;NaN;NaN;NaN;NaN;NaN;NaN;NaN;NaN;NaN;NaN;NaN;NaN;NaN;NaN;NaN;NaN;NaN;NaN;NaN;NaN;NaN;NaN;NaN;NaN;NaN;NaN;NaN
A0152;Aalesund;Attvin_multiple;T_waste;Central;72;2;k;0;brown;f;a;1;janus;NaN;0;0;0;0;0;0;0;NaN;1;0;NaN;NaN;1;1;1;1;est;0;NaN;NaN;3114449;0;4;0;0;0;wool;100;NaN;NaN;NaN;NaN;NaN;NaN;NaN;NaN;NaN;NaN;NaN;NaN;NaN;NaN;NaN;NaN;NaN;NaN;NaN;NaN;NaN;NaN;NaN;NaN;NaN;NaN;NaN;NaN;NaN;NaN;NaN;NaN;NaN;NaN;NaN;NaN
A0153;Aalesund;Attvin_multiple;T_waste;Central;165;6;t;0;black;m;a;1;moods of norway;NaN;2;0;1;0;0;0;0;NaN;1;0;NaN;NaN;1;1;1;1;chn;0;NaN;NaN;NaN;0;4;0;0;0;polyester;100;NaN;NaN;NaN;NaN;NaN;NaN;NaN;NaN;NaN;NaN;NaN;NaN;NaN;NaN;NaN;NaN;NaN;NaN;NaN;NaN;NaN;NaN;NaN;NaN;NaN;NaN;NaN;NaN;NaN;NaN;NaN;NaN;NaN;NaN;NaN;NaN
A0154;Aalesund;Attvin_multiple;T_waste;Central;275;6;t;0;blue;f;a;1;kappahl;NaN;0;0;0;0;0;0;0;NaN;0;0;NaN;NaN;1;1;1;3;chn;0;NaN;NaN;45090/341446;0;3;0;0;0;cotton;74;polyester;24;elastane;2;NaN;NaN;NaN;NaN;NaN;NaN;NaN;NaN;NaN;NaN;NaN;NaN;NaN;NaN;NaN;NaN;NaN;NaN;NaN;NaN;NaN;NaN;NaN;NaN;NaN;NaN;NaN;NaN;NaN;NaN;NaN;NaN
A0155;Aalesund;Attvin_multiple;T_waste;Central;149;26;t;0;multi-color;f;a;1;kari traa;NaN;0;0;0;0;0;0;0;NaN;1;0;NaN;NaN;1;1;1;3;chn;0;NaN;NaN;NaN;0;4;0;0;0;polyamide or nylon;61;polyester;30;elastane;9;NaN;NaN;NaN;NaN;NaN;NaN;NaN;NaN;NaN;NaN;NaN;NaN;NaN;NaN;NaN;NaN;NaN;NaN;NaN;NaN;NaN;NaN;NaN;NaN;NaN;NaN;NaN;NaN;NaN;NaN;NaN;NaN
A0156;Aalesund;Attvin_multiple;T_waste;Central;564;5;t;0;blue;f;a;1;levi's;NaN;1;0;1;0;4;0;0;NaN;0;0;NaN;NaN;0;0;1;1;not declared;0;NaN;NaN;NaN;0;3;0;0;0;NaN;NaN;NaN;NaN;NaN;NaN;NaN;NaN;NaN;NaN;NaN;NaN;NaN;NaN;NaN;NaN;NaN;NaN;NaN;NaN;NaN;NaN;NaN;NaN;NaN;NaN;NaN;NaN;NaN;NaN;NaN;NaN;NaN;NaN;NaN;NaN;NaN;NaN
A0157;Aalesund;Attvin_multiple;T_waste;Central;543;26;t;0;black;f;a;1;h&m;NaN;0;0;0;0;0;0;0;NaN;1;1;NaN;NaN;1;1;1;2;bgd;0;NaN;NaN;p/n 0891996 4;0;4;0;0;0;cotton;60;polyester;40;NaN;NaN;NaN;NaN;NaN;NaN;NaN;NaN;NaN;NaN;NaN;NaN;NaN;NaN;NaN;NaN;NaN;NaN;NaN;NaN;NaN;NaN;NaN;NaN;NaN;NaN;NaN;NaN;NaN;NaN;NaN;NaN;NaN;NaN
A0158;Aalesund;Attvin_multiple;T_waste;Central;80;27;k;0;multi-color;f;a;1;fjellfante;NaN;0;0;0;0;0;0;0;NaN;0;0;NaN;NaN;0;0;1;1;not declared;0;NaN;NaN;NaN;0;5;0;0;0;NaN;NaN;NaN;NaN;NaN;NaN;NaN;NaN;NaN;NaN;NaN;NaN;NaN;NaN;NaN;NaN;NaN;NaN;NaN;NaN;NaN;NaN;NaN;NaN;NaN;NaN;NaN;NaN;NaN;NaN;NaN;NaN;NaN;NaN;NaN;NaN;NaN;NaN
A0159;Aalesund;Attvin_multiple;T_waste;Central;200;6;t;0;black;u;a;1;basecamp;NaN;1;0;0;2;0;0;0;NaN;1;0;NaN;NaN;1;1;1;1;not declared;0;NaN;NaN;NaN;0;4;0;0;0;polyester;100;NaN;NaN;NaN;NaN;NaN;NaN;NaN;NaN;NaN;NaN;NaN;NaN;NaN;NaN;NaN;NaN;NaN;NaN;NaN;NaN;NaN;NaN;NaN;NaN;NaN;NaN;NaN;NaN;NaN;NaN;NaN;NaN;NaN;NaN;NaN;NaN
A0160;Aalesund;Attvin_multiple;T_waste;Central;415;5;t;0;blue;f;a;1;pieces;NaN;1;0;1;0;0;0;0;NaN;0;0;NaN;NaN;0;0;1;2;not declared;0;NaN;NaN;NaN;0;3;0;0;0;NaN;NaN;NaN;NaN;NaN;NaN;NaN;NaN;NaN;NaN;NaN;NaN;NaN;NaN;NaN;NaN;NaN;NaN;NaN;NaN;NaN;NaN;NaN;NaN;NaN;NaN;NaN;NaN;NaN;NaN;NaN;NaN;NaN;NaN;NaN;NaN;NaN;NaN
A0161;Aalesund;Attvin_multiple;T_waste;Central;282;26;t;0;black;f;c;1;amisu;NaN;0;0;0;0;0;0;0;NaN;1;1;NaN;NaN;0;0;1;2;not declared;0;NaN;NaN;NaN;0;3;0;0;0;NaN;NaN;NaN;NaN;NaN;NaN;NaN;NaN;NaN;NaN;NaN;NaN;NaN;NaN;NaN;NaN;NaN;NaN;NaN;NaN;NaN;NaN;NaN;NaN;NaN;NaN;NaN;NaN;NaN;NaN;NaN;NaN;NaN;NaN;NaN;NaN;NaN;NaN
A0162;Aalesund;Attvin_multiple;T_waste;Central;203;6;t;0;grey;m;a;1;billabong;NaN;0;0;0;0;4;0;0;NaN;1;1;NaN;NaN;1;0;1;2;not declared;0;NaN;NaN;NaN;0;3;0;0;0;NaN;NaN;NaN;NaN;NaN;NaN;NaN;NaN;NaN;NaN;NaN;NaN;NaN;NaN;NaN;NaN;NaN;NaN;NaN;NaN;NaN;NaN;NaN;NaN;NaN;NaN;NaN;NaN;NaN;NaN;NaN;NaN;NaN;NaN;NaN;NaN;NaN;NaN
A0164;Aalesund;Attvin_multiple;T_waste;Central;103;8;t;NaN;multi-color pattern;f;c;0;NaN;NaN;0;0;0;0;0;0;0;NaN;0;0;NaN;NaN;0;NaN;2;NaN;nor;NaN;NaN;n;NaN;0;4;NaN;0;0;NaN;NaN;NaN;NaN;NaN;NaN;NaN;NaN;NaN;NaN;NaN;NaN;NaN;NaN;NaN;NaN;NaN;NaN;NaN;NaN;NaN;NaN;NaN;NaN;NaN;NaN;NaN;NaN;NaN;NaN;NaN;NaN;NaN;NaN;NaN;NaN;NaN;NaN
A0165;Aalesund;Attvin_multiple;T_waste;Central;116;5;t;NaN;blue;f;b;1;mohini;NaN;0;2;0;0;0;0;0;NaN;0;0;NaN;NaN;1;1;1;1;chn;NaN;NaN;n;NaN;0;5;NaN;0;0;cotton;100;NaN;NaN;NaN;NaN;NaN;NaN;NaN;NaN;NaN;NaN;NaN;NaN;NaN;NaN;NaN;NaN;NaN;NaN;NaN;NaN;NaN;NaN;NaN;NaN;NaN;NaN;NaN;NaN;NaN;NaN;NaN;NaN;NaN;NaN;NaN;NaN
A0166;Aalesund;Attvin_multiple;T_waste;Central;94;27;k;NaN;multi-color;f;c;0;NaN;NaN;0;0;0;0;0;0;0;NaN;0;0;NaN;NaN;0;NaN;2;NaN;nor;NaN;NaN;n;NaN;0;5;NaN;0;0;NaN;NaN;NaN;NaN;NaN;NaN;NaN;NaN;NaN;NaN;NaN;NaN;NaN;NaN;NaN;NaN;NaN;NaN;NaN;NaN;NaN;NaN;NaN;NaN;NaN;NaN;NaN;NaN;NaN;NaN;NaN;NaN;NaN;NaN;NaN;NaN;NaN;NaN
A0167;Aalesund;Attvin_multiple;T_waste;Central;35;27;k;NaN;pink;f;b;0;NaN;NaN;0;0;0;0;0;0;0;NaN;0;0;NaN;NaN;0;NaN;1;NaN;nor;NaN;NaN;n;NaN;0;5;NaN;0;0;NaN;NaN;NaN;NaN;NaN;NaN;NaN;NaN;NaN;NaN;NaN;NaN;NaN;NaN;NaN;NaN;NaN;NaN;NaN;NaN;NaN;NaN;NaN;NaN;NaN;NaN;NaN;NaN;NaN;NaN;NaN;NaN;NaN;NaN;NaN;NaN;NaN;NaN
A0169;Aalesund;Attvin_multiple;T_waste;Central;61;27;t;NaN;red;u;c;1;ellos;NaN;0;0;0;0;0;0;0;NaN;0;0;NaN;NaN;1;1;1;1;chn;NaN;NaN;n;NaN;0;4;NaN;0;0;polyester;100;NaN;NaN;NaN;NaN;NaN;NaN;NaN;NaN;NaN;NaN;NaN;NaN;NaN;NaN;NaN;NaN;NaN;NaN;NaN;NaN;NaN;NaN;NaN;NaN;NaN;NaN;NaN;NaN;NaN;NaN;NaN;NaN;NaN;NaN;NaN;NaN
A0170;Aalesund;Attvin_multiple;T_waste;Central;42;27;t;NaN;red;f;c;1;mjelde;NaN;0;0;0;0;0;0;0;NaN;0;0;NaN;NaN;0;NaN;2;NaN;not declared;NaN;NaN;n;NaN;0;4;NaN;0;0;NaN;NaN;NaN;NaN;NaN;NaN;NaN;NaN;NaN;NaN;NaN;NaN;NaN;NaN;NaN;NaN;NaN;NaN;NaN;NaN;NaN;NaN;NaN;NaN;NaN;NaN;NaN;NaN;NaN;NaN;NaN;NaN;NaN;NaN;NaN;NaN;NaN;NaN
A0171;Aalesund;Attvin_multiple;T_waste;Central;542;11;t;NaN;white;u;a;1;hoperise;NaN;9;0;0;6;4;0;0;NaN;0;0;NaN;NaN;1;1;2;2;not declared;NaN;NaN;o;NaN;0;4;NaN;0;0;polyamide or nylon;100;NaN;NaN;NaN;NaN;NaN;NaN;NaN;NaN;NaN;NaN;polyester;100;NaN;NaN;NaN;NaN;NaN;NaN;NaN;NaN;NaN;NaN;NaN;NaN;NaN;NaN;NaN;NaN;NaN;NaN;NaN;NaN;NaN;NaN;NaN;NaN
A0172;Aalesund;Attvin_multiple;T_waste;Central;240;26;t;NaN;orange;f;a;1;amisu;NaN;0;0;0;0;0;0;0;NaN;0;0;NaN;NaN;1;1;1;3;bgd;NaN;NaN;n;NaN;0;4;NaN;0;0;NaN;NaN;NaN;NaN;NaN;NaN;NaN;NaN;NaN;NaN;NaN;NaN;NaN;NaN;NaN;NaN;NaN;NaN;NaN;NaN;NaN;NaN;NaN;NaN;NaN;NaN;NaN;NaN;NaN;NaN;NaN;NaN;NaN;NaN;NaN;NaN;NaN;NaN
A0173;Aalesund;Attvin_multiple;T_waste;Central;148;2;t;NaN;black;f;a;0;NaN;NaN;0;0;0;1;0;0;0;NaN;0;0;NaN;NaN;0;0;1;NaN;not declared;NaN;NaN;n;NaN;0;5;NaN;0;0;NaN;NaN;NaN;NaN;NaN;NaN;NaN;NaN;NaN;NaN;NaN;NaN;NaN;NaN;NaN;NaN;NaN;NaN;NaN;NaN;NaN;NaN;NaN;NaN;NaN;NaN;NaN;NaN;NaN;NaN;NaN;NaN;NaN;NaN;NaN;NaN;NaN;NaN
A0174;Aalesund;Attvin_multiple;T_waste;Central;115;27;k;NaN;multi-color;f;a;1;accessorize;NaN;0;0;0;0;0;0;0;NaN;0;0;NaN;NaN;1;1;1;2;chn;NaN;NaN;n;rn421768019;0;5;NaN;0;0;acrylic;90;wool;10;NaN;NaN;NaN;NaN;NaN;NaN;NaN;NaN;NaN;NaN;NaN;NaN;NaN;NaN;NaN;NaN;NaN;NaN;NaN;NaN;NaN;NaN;NaN;NaN;NaN;NaN;NaN;NaN;NaN;NaN;NaN;NaN;NaN;NaN
A0176;Aalesund;Attvin_multiple;T_waste;Central;43;27;t;NaN;pink;f;c;1;reima;NaN;0;0;0;0;0;0;0;NaN;0;0;NaN;NaN;1;1;1;1;lka;NaN;NaN;n;NaN;0;3;NaN;0;0;cotton;100;NaN;NaN;NaN;NaN;NaN;NaN;NaN;NaN;NaN;NaN;NaN;NaN;NaN;NaN;NaN;NaN;NaN;NaN;NaN;NaN;NaN;NaN;NaN;NaN;NaN;NaN;NaN;NaN;NaN;NaN;NaN;NaN;NaN;NaN;NaN;NaN
A0177;Aalesund;Attvin_multiple;T_waste;Central;128;8;t;NaN;multi-color;f;b;1;young genie;NaN;0;5;0;0;0;0;0;NaN;0;0;NaN;NaN;0;0;1;NaN;not declared;NaN;NaN;n;NaN;0;4;NaN;0;0;NaN;NaN;NaN;NaN;NaN;NaN;NaN;NaN;NaN;NaN;NaN;NaN;NaN;NaN;NaN;NaN;NaN;NaN;NaN;NaN;NaN;NaN;NaN;NaN;NaN;NaN;NaN;NaN;NaN;NaN;NaN;NaN;NaN;NaN;NaN;NaN;NaN;NaN
A0178;Aalesund;Attvin_multiple;T_waste;Central;450;5;t;NaN;purple;f;a;1;selected;NaN;1;0;1;0;5;0;0;NaN;0;0;NaN;NaN;1;0;1;NaN;chn;NaN;NaN;n;NaN;0;5;NaN;0;0;NaN;NaN;NaN;NaN;NaN;NaN;NaN;NaN;NaN;NaN;NaN;NaN;NaN;NaN;NaN;NaN;NaN;NaN;NaN;NaN;NaN;NaN;NaN;NaN;NaN;NaN;NaN;NaN;NaN;NaN;NaN;NaN;NaN;NaN;NaN;NaN;NaN;NaN
A0179;Aalesund;Attvin_multiple;T_waste;Central;234;6;t;NaN;purple;f;a;1;h&m;NaN;1;0;1;0;4;0;0;NaN;0;0;NaN;NaN;1;1;1;2;bgd;NaN;NaN;n;NaN;0;4;NaN;4;NaN;cotton;99;elastane;1;NaN;NaN;NaN;NaN;NaN;NaN;NaN;NaN;NaN;NaN;NaN;NaN;NaN;NaN;NaN;NaN;NaN;NaN;NaN;NaN;NaN;NaN;NaN;NaN;NaN;NaN;NaN;NaN;NaN;NaN;NaN;NaN;NaN;NaN
A0180;Aalesund;Attvin_multiple;T_waste;Central;80;5;t;NaN;pink;f;b;1;kappahl;NaN;0;0;0;0;0;0;0;NaN;0;0;NaN;NaN;1;1;1;1;chn;NaN;NaN;n;NaN;0;4;NaN;0;0;cotton;100;NaN;NaN;NaN;NaN;NaN;NaN;NaN;NaN;NaN;NaN;NaN;NaN;NaN;NaN;NaN;NaN;NaN;NaN;NaN;NaN;NaN;NaN;NaN;NaN;NaN;NaN;NaN;NaN;NaN;NaN;NaN;NaN;NaN;NaN;NaN;NaN
A0181;Aalesund;Attvin_multiple;T_waste;Central;136;8;t;NaN;pink;f;b;1;disney;NaN;8;0;0;0;0;0;0;NaN;1;1;NaN;NaN;1;1;1;2;chn;NaN;NaN;n;NaN;0;4;NaN;0;0;cotton;75;polyester;25;NaN;NaN;NaN;NaN;NaN;NaN;NaN;NaN;NaN;NaN;NaN;NaN;NaN;NaN;NaN;NaN;NaN;NaN;NaN;NaN;NaN;NaN;NaN;NaN;NaN;NaN;NaN;NaN;NaN;NaN;NaN;NaN;NaN;NaN
A0182;Aalesund;Attvin_multiple;T_waste;Central;87;8;t;NaN;pink;f;b;1;fix;NaN;0;3;0;0;0;0;0;NaN;1;0;NaN;NaN;1;1;2;3;chn;NaN;NaN;n;NaN;0;4;NaN;0;0;cotton;80;polyester;20;NaN;NaN;NaN;NaN;NaN;NaN;NaN;NaN;cotton;95;elastane;5;NaN;NaN;NaN;NaN;NaN;NaN;NaN;NaN;NaN;NaN;NaN;NaN;NaN;NaN;NaN;NaN;NaN;NaN;NaN;NaN;NaN;NaN
A0183;Aalesund;Attvin_multiple;T_waste;Central;94;8;t;NaN;pink;f;b;1;lindex;NaN;2;2;0;0;0;0;0;NaN;1;1;NaN;NaN;1;1;1;1;not declared;NaN;NaN;n;NaN;0;4;NaN;0;0;cotton;100;NaN;NaN;NaN;NaN;NaN;NaN;NaN;NaN;NaN;NaN;NaN;NaN;NaN;NaN;NaN;NaN;NaN;NaN;NaN;NaN;NaN;NaN;NaN;NaN;NaN;NaN;NaN;NaN;NaN;NaN;NaN;NaN;NaN;NaN;NaN;NaN
A0184;Aalesund;Attvin_multiple;T_waste;Central;63;8;t;NaN;pink;f;b;1;mohini;NaN;0;4;0;0;0;0;0;NaN;0;0;NaN;NaN;1;1;1;2;chn;NaN;NaN;n;NaN;0;4;NaN;0;0;cotton;85;polyester;15;NaN;NaN;NaN;NaN;NaN;NaN;NaN;NaN;NaN;NaN;NaN;NaN;NaN;NaN;NaN;NaN;NaN;NaN;NaN;NaN;NaN;NaN;NaN;NaN;NaN;NaN;NaN;NaN;NaN;NaN;NaN;NaN;NaN;NaN
A0185;Aalesund;Attvin_multiple;T_waste;Central;162;6;t;0;blue;m;a;1;helly hansen;0;0;0;1;0;0;0;0;0;1;1;NaN;0;0;0;1;NaN;chn;0;NaN;n;NaN;0;5;0;0;0;NaN;NaN;NaN;NaN;NaN;NaN;NaN;NaN;NaN;NaN;NaN;NaN;NaN;NaN;NaN;NaN;NaN;NaN;NaN;NaN;NaN;NaN;NaN;NaN;NaN;NaN;NaN;NaN;NaN;NaN;NaN;NaN;NaN;NaN;NaN;NaN;NaN;NaN
A0186;Aalesund;Attvin_multiple;T_waste;Central;200;5;t;0;white;f;c;0;h&m;0;0;0;0;0;0;0;0;0;0;0;NaN;0;1;1;2;2;khm;0;NaN;n;ca42271;0;4;0;0;0;polyester;95;elastane;5;NaN;NaN;NaN;NaN;NaN;NaN;NaN;NaN;NaN;NaN;NaN;NaN;NaN;NaN;NaN;NaN;NaN;NaN;NaN;NaN;NaN;NaN;NaN;NaN;NaN;NaN;NaN;NaN;NaN;NaN;NaN;NaN;NaN;NaN
A0187;Aalesund;Attvin_multiple;T_waste;Central;56;12;t;0;white;u;b;0;h&m;0;0;0;0;0;0;0;0;0;0;0;NaN;10;1;1;1;1;chn;0;NaN;n;ca42271;0;4;0;0;0;polyester;100;NaN;NaN;NaN;NaN;NaN;NaN;NaN;NaN;NaN;NaN;NaN;NaN;NaN;NaN;NaN;NaN;NaN;NaN;NaN;NaN;NaN;NaN;NaN;NaN;NaN;NaN;NaN;NaN;NaN;NaN;NaN;NaN;NaN;NaN;NaN;NaN
A0188;Aalesund;Attvin_multiple;T_waste;Central;45;12;t;0;white;u;b;0;cubus;0;0;0;0;0;0;0;0;0;0;0;NaN;0;1;1;3;3;not declared;0;NaN;n;NaN;0;4;0;0;0;cotton;77;polyamide or nylon;21;elastane;2;NaN;NaN;NaN;NaN;NaN;NaN;NaN;NaN;NaN;NaN;NaN;NaN;NaN;NaN;NaN;NaN;NaN;NaN;NaN;NaN;NaN;NaN;NaN;NaN;NaN;NaN;NaN;NaN;NaN;NaN;NaN;NaN
A0189;Aalesund;Attvin_multiple;T_waste;Central;100;6;t;0;multi-color pattern;f;c;1;bershka;0;0;0;0;0;0;0;0;0;0;0;NaN;0;0;0;1;NaN;not declared;0;NaN;n;NaN;0;3;0;0;0;NaN;NaN;NaN;NaN;NaN;NaN;NaN;NaN;NaN;NaN;NaN;NaN;NaN;NaN;NaN;NaN;NaN;NaN;NaN;NaN;NaN;NaN;NaN;NaN;NaN;NaN;NaN;NaN;NaN;NaN;NaN;NaN;NaN;NaN;NaN;NaN;NaN;NaN
A0190;Aalesund;Attvin_multiple;T_waste;Central;53;12;t;0;white;u;b;1;cubus;0;3;0;0;0;0;0;0;0;0;0;NaN;0;1;1;1;1;chn;0;NaN;n;NaN;0;5;0;0;0;cotton;100;NaN;NaN;NaN;NaN;NaN;NaN;NaN;NaN;NaN;NaN;NaN;NaN;NaN;NaN;NaN;NaN;NaN;NaN;NaN;NaN;NaN;NaN;NaN;NaN;NaN;NaN;NaN;NaN;NaN;NaN;NaN;NaN;NaN;NaN;NaN;NaN
A0191;Aalesund;Attvin_multiple;T_waste;Central;46;12;t;0;white;u;b;1;name it;0;3;0;0;0;0;0;0;0;0;0;NaN;0;1;1;1;1;ind;0;NaN;n;NaN;0;2;0;0;0;cotton;100;NaN;NaN;NaN;NaN;NaN;NaN;NaN;NaN;NaN;NaN;NaN;NaN;NaN;NaN;NaN;NaN;NaN;NaN;NaN;NaN;NaN;NaN;NaN;NaN;NaN;NaN;NaN;NaN;NaN;NaN;NaN;NaN;NaN;NaN;NaN;NaN
A0192;Aalesund;Attvin_multiple;T_waste;Central;421;5;t;0;blue;f;c;1;h&m;0;1;0;1;0;0;0;0;0;0;0;NaN;0;1;1;3;3;tur;0;NaN;n;ca4264134;0;5;4;5;0;cotton;88;polyester;10;elastane;2;NaN;NaN;NaN;NaN;NaN;NaN;NaN;NaN;NaN;NaN;NaN;NaN;NaN;NaN;NaN;NaN;NaN;NaN;NaN;NaN;NaN;NaN;NaN;NaN;NaN;NaN;NaN;NaN;NaN;NaN;NaN;NaN
A0193;Aalesund;Attvin_multiple;T_waste;Central;45;12;k;0;pink;f;b;1;devold;0;3;0;0;0;0;0;0;0;1;0;NaN;0;1;1;1;1;not declared;0;NaN;n;NaN;0;4;0;0;0;polyester;100;NaN;NaN;NaN;NaN;NaN;NaN;NaN;NaN;NaN;NaN;NaN;NaN;NaN;NaN;NaN;NaN;NaN;NaN;NaN;NaN;NaN;NaN;NaN;NaN;NaN;NaN;NaN;NaN;NaN;NaN;NaN;NaN;NaN;NaN;NaN;NaN
A0214;Aalesund;Attvin_multiple;T_waste;Central;85;2;t;0;blue;f;a;0;NaN;NaN;0;0;0;0;0;0;0;NaN;1;1;NaN;NaN;0;0;1;1;not declared;0;NaN;NaN;NaN;0;4;0;0;0;NaN;NaN;NaN;NaN;NaN;NaN;NaN;NaN;NaN;NaN;NaN;NaN;NaN;NaN;NaN;NaN;NaN;NaN;NaN;NaN;NaN;NaN;NaN;NaN;NaN;NaN;NaN;NaN;NaN;NaN;NaN;NaN;NaN;NaN;NaN;NaN;NaN;NaN
A0215;Aalesund;Attvin_multiple;T_waste;Central;125;1;t;0;blue;m;a;1;hummel;NaN;0;0;0;0;0;0;0;NaN;1;1;NaN;NaN;1;1;1;2;ind;0;NaN;NaN;rn 104932;0;3;0;0;0;cotton;80;polyester;20;NaN;NaN;NaN;NaN;NaN;NaN;NaN;NaN;NaN;NaN;NaN;NaN;NaN;NaN;NaN;NaN;NaN;NaN;NaN;NaN;NaN;NaN;NaN;NaN;NaN;NaN;NaN;NaN;NaN;NaN;NaN;NaN;NaN;NaN
A0216;Aalesund;Attvin_multiple;T_waste;Central;174;1;t;0;white;u;a;1;you;NaN;0;0;0;0;0;0;0;NaN;1;1;NaN;NaN;1;1;1;1;not declared;0;NaN;NaN;NaN;0;5;0;0;0;cotton;100;NaN;NaN;NaN;NaN;NaN;NaN;NaN;NaN;NaN;NaN;NaN;NaN;NaN;NaN;NaN;NaN;NaN;NaN;NaN;NaN;NaN;NaN;NaN;NaN;NaN;NaN;NaN;NaN;NaN;NaN;NaN;NaN;NaN;NaN;NaN;NaN
A0217;Aalesund;Attvin_multiple;T_waste;Central;207;8;t;0;red;f;c;1;lindex;NaN;0;4;0;0;0;0;0;NaN;0;0;NaN;NaN;1;1;1;1;not declared;0;NaN;NaN;NaN;0;3;0;0;0;cotton;100;NaN;NaN;NaN;NaN;NaN;NaN;NaN;NaN;NaN;NaN;NaN;NaN;NaN;NaN;NaN;NaN;NaN;NaN;NaN;NaN;NaN;NaN;NaN;NaN;NaN;NaN;NaN;NaN;NaN;NaN;NaN;NaN;NaN;NaN;NaN;NaN
A0218;Aalesund;Attvin_multiple;T_waste;Central;248;5;t;0;grey;m;c;1;h&m;NaN;0;0;0;0;0;0;0;NaN;1;1;NaN;NaN;1;1;1;2;not declared;0;NaN;NaN;o/n 202707;0;3;0;0;0;polyester;20;cotton;80;NaN;NaN;NaN;NaN;NaN;NaN;NaN;NaN;NaN;NaN;NaN;NaN;NaN;NaN;NaN;NaN;NaN;NaN;NaN;NaN;NaN;NaN;NaN;NaN;NaN;NaN;NaN;NaN;NaN;NaN;NaN;NaN;NaN;NaN
A0219;Aalesund;Attvin_multiple;T_waste;Central;153;1;t;0;white;u;a;0;NaN;NaN;0;0;0;0;0;0;0;NaN;1;1;NaN;NaN;1;1;1;2;ind;0;NaN;NaN;2,8783E+16;0;4;0;0;0;cotton;95;elastane;5;NaN;NaN;NaN;NaN;NaN;NaN;NaN;NaN;NaN;NaN;NaN;NaN;NaN;NaN;NaN;NaN;NaN;NaN;NaN;NaN;NaN;NaN;NaN;NaN;NaN;NaN;NaN;NaN;NaN;NaN;NaN;NaN;NaN;NaN
A0220;Aalesund;Attvin_multiple;T_waste;Central;405;26;t;0;red;m;a;1;cubus;NaN;0;0;0;0;0;0;0;NaN;0;0;NaN;NaN;1;1;1;1;bgd;0;NaN;NaN;7259729290;0;4;0;0;0;cotton;100;NaN;NaN;NaN;NaN;NaN;NaN;NaN;NaN;NaN;NaN;NaN;NaN;NaN;NaN;NaN;NaN;NaN;NaN;NaN;NaN;NaN;NaN;NaN;NaN;NaN;NaN;NaN;NaN;NaN;NaN;NaN;NaN;NaN;NaN;NaN;NaN
A0221;Aalesund;Attvin_multiple;T_waste;Central;102;1;t;0;blue;m;a;1;h&m;NaN;0;0;0;0;0;0;0;NaN;1;1;NaN;NaN;1;1;1;1;idn;0;NaN;NaN;o/n 220062;0;4;0;0;0;polyester;100;NaN;NaN;NaN;NaN;NaN;NaN;NaN;NaN;NaN;NaN;NaN;NaN;NaN;NaN;NaN;NaN;NaN;NaN;NaN;NaN;NaN;NaN;NaN;NaN;NaN;NaN;NaN;NaN;NaN;NaN;NaN;NaN;NaN;NaN;NaN;NaN
A0222;Aalesund;Attvin_multiple;T_waste;Central;281;5;t;0;white;u;a;0;NaN;NaN;0;0;0;0;0;0;0;NaN;0;0;NaN;NaN;0;0;1;2;not declared;0;NaN;NaN;NaN;0;1;1;1;0;NaN;NaN;NaN;NaN;NaN;NaN;NaN;NaN;NaN;NaN;NaN;NaN;NaN;NaN;NaN;NaN;NaN;NaN;NaN;NaN;NaN;NaN;NaN;NaN;NaN;NaN;NaN;NaN;NaN;NaN;NaN;NaN;NaN;NaN;NaN;NaN;NaN;NaN
A0223;Aalesund;Attvin_multiple;T_waste;Central;212;1;t;0;black;m;a;1;vic bay;NaN;0;0;0;0;0;0;0;NaN;0;0;NaN;NaN;1;1;1;1;zaf;0;NaN;NaN;vat no. 4260192697;0;4;0;0;0;cotton;100;NaN;NaN;NaN;NaN;NaN;NaN;NaN;NaN;NaN;NaN;NaN;NaN;NaN;NaN;NaN;NaN;NaN;NaN;NaN;NaN;NaN;NaN;NaN;NaN;NaN;NaN;NaN;NaN;NaN;NaN;NaN;NaN;NaN;NaN;NaN;NaN
A0224;Aalesund;Attvin_multiple;T_waste;Central;258;5;t;0;blue;u;a;1;swiss;NaN;0;0;0;0;0;0;0;NaN;0;0;NaN;NaN;0;0;1;2;not declared;0;NaN;NaN;NaN;0;4;0;0;0;NaN;NaN;NaN;NaN;NaN;NaN;NaN;NaN;NaN;NaN;NaN;NaN;NaN;NaN;NaN;NaN;NaN;NaN;NaN;NaN;NaN;NaN;NaN;NaN;NaN;NaN;NaN;NaN;NaN;NaN;NaN;NaN;NaN;NaN;NaN;NaN;NaN;NaN
A0225;Aalesund;Attvin_multiple;T_waste;Central;121;5;t;0;multi-color;m;c;1;cubus;NaN;0;0;0;0;0;0;0;0;1;0;NaN;0;1;1;1;1;bgd;0;NaN;NaN;8318704-000;0;4;0;0;0;cotton;100;NaN;NaN;NaN;NaN;NaN;NaN;NaN;NaN;NaN;NaN;NaN;NaN;NaN;NaN;NaN;NaN;NaN;NaN;NaN;NaN;NaN;NaN;NaN;NaN;NaN;NaN;NaN;NaN;NaN;NaN;NaN;NaN;NaN;NaN;NaN;NaN
A0226;Aalesund;Attvin_multiple;T_waste;Central;346;26;t;0;blue;m;a;1;h&m;NaN;0;0;0;0;0;0;0;0;1;1;NaN;0;1;1;1;2;tur;0;NaN;NaN;o/n 382512;0;3;0;0;0;cotton;83;polyester;17;NaN;NaN;NaN;NaN;NaN;NaN;NaN;NaN;NaN;NaN;NaN;NaN;NaN;NaN;NaN;NaN;NaN;NaN;NaN;NaN;NaN;NaN;NaN;NaN;NaN;NaN;NaN;NaN;NaN;NaN;NaN;NaN;NaN;NaN
A0228;Aalesund;Attvin_multiple;T_waste;Central;65;6;o;0;multi-color;f;a;1;terranova;NaN;0;0;0;0;0;0;0;0;0;0;NaN;0;1;1;1;1;egy;0;NaN;NaN;NaN;0;4;0;0;0;polyester;100;NaN;NaN;NaN;NaN;NaN;NaN;NaN;NaN;NaN;NaN;NaN;NaN;NaN;NaN;NaN;NaN;NaN;NaN;NaN;NaN;NaN;NaN;NaN;NaN;NaN;NaN;NaN;NaN;NaN;NaN;NaN;NaN;NaN;NaN;NaN;NaN
A0229;Aalesund;Attvin_multiple;T_waste;Central;187;1;t;0;brown;u;a;1;trasher;0;0;0;0;0;0;0;0;0;1;NaN;NaN;NaN;1;0;1;1;dom;NaN;NaN;NaN;NaN;NaN;NaN;NaN;NaN;NaN;NaN;NaN;NaN;NaN;NaN;NaN;NaN;NaN;NaN;NaN;NaN;NaN;NaN;NaN;NaN;NaN;NaN;NaN;NaN;NaN;NaN;NaN;NaN;NaN;NaN;NaN;NaN;NaN;NaN;NaN;NaN;NaN;NaN;NaN;NaN;NaN;NaN;NaN
A0230;Aalesund;Attvin_multiple;T_waste;Central;248;12;k;0;pink;f;b;0;NaN;0;0;6;0;0;0;0;0;0;0;0;NaN;NaN;0;0;NaN;1;nor;NaN;NaN;NaN;NaN;NaN;NaN;NaN;NaN;NaN;NaN;NaN;NaN;NaN;NaN;NaN;NaN;NaN;NaN;NaN;NaN;NaN;NaN;NaN;NaN;NaN;NaN;NaN;NaN;NaN;NaN;NaN;NaN;NaN;NaN;NaN;NaN;NaN;NaN;NaN;NaN;NaN;NaN;NaN;NaN;NaN;NaN;NaN
A0231;Aalesund;Attvin_multiple;T_waste;Central;173;1;t;0;black;m;a;1;clique;0;0;0;0;0;0;0;0;0;1;NaN;NaN;NaN;1;0;1;1;bgd;NaN;NaN;NaN;NaN;NaN;NaN;NaN;NaN;NaN;NaN;NaN;NaN;NaN;NaN;NaN;NaN;NaN;NaN;NaN;NaN;NaN;NaN;NaN;NaN;NaN;NaN;NaN;NaN;NaN;NaN;NaN;NaN;NaN;NaN;NaN;NaN;NaN;NaN;NaN;NaN;NaN;NaN;NaN;NaN;NaN;NaN;NaN
A0232;Aalesund;Attvin_multiple;T_waste;Central;561;26;t;0;brown;u;a;1;district fortysix;0;0;0;0;0;0;0;0;0;1;NaN;NaN;NaN;1;0;1;2;tur;NaN;NaN;NaN;NaN;NaN;NaN;NaN;NaN;NaN;NaN;NaN;NaN;NaN;NaN;NaN;NaN;NaN;NaN;NaN;NaN;NaN;NaN;NaN;NaN;NaN;NaN;NaN;NaN;NaN;NaN;NaN;NaN;NaN;NaN;NaN;NaN;NaN;NaN;NaN;NaN;NaN;NaN;NaN;NaN;NaN;NaN;NaN
A0233;Aalesund;Attvin_multiple;T_waste;Central;525;5;t;0;blue;m;a;1;jean paul;0;1;0;1;0;5;0;0;0;1;NaN;NaN;NaN;1;0;1;2;chn;NaN;NaN;NaN;NaN;NaN;NaN;NaN;NaN;NaN;NaN;NaN;NaN;NaN;NaN;NaN;NaN;NaN;NaN;NaN;NaN;NaN;NaN;NaN;NaN;NaN;NaN;NaN;NaN;NaN;NaN;NaN;NaN;NaN;NaN;NaN;NaN;NaN;NaN;NaN;NaN;NaN;NaN;NaN;NaN;NaN;NaN;NaN
A0234;Aalesund;Attvin_multiple;T_waste;Central;778;5;t;0;black;m;a;1;sweet skateboards;0;1;0;1;0;6;0;0;0;1;NaN;NaN;NaN;1;0;1;2;tur;NaN;NaN;NaN;NaN;NaN;NaN;NaN;NaN;NaN;NaN;NaN;NaN;NaN;NaN;NaN;NaN;NaN;NaN;NaN;NaN;NaN;NaN;NaN;NaN;NaN;NaN;NaN;NaN;NaN;NaN;NaN;NaN;NaN;NaN;NaN;NaN;NaN;NaN;NaN;NaN;NaN;NaN;NaN;NaN;NaN;NaN;NaN
A0235;Aalesund;Attvin_multiple;T_waste;Central;333;5;t;0;grey;f;a;1;weekday;0;1;0;1;0;6;0;0;0;0;0;NaN;NaN;1;0;1;3;ind;NaN;NaN;NaN;NaN;NaN;NaN;NaN;NaN;NaN;NaN;NaN;NaN;NaN;NaN;NaN;NaN;NaN;NaN;NaN;NaN;NaN;NaN;NaN;NaN;NaN;NaN;NaN;NaN;NaN;NaN;NaN;NaN;NaN;NaN;NaN;NaN;NaN;NaN;NaN;NaN;NaN;NaN;NaN;NaN;NaN;NaN;NaN
A0236;Aalesund;Attvin_multiple;T_waste;Central;137;1;t;0;multi-color striped;m;a;1;winwin horgan;0;0;0;0;0;0;0;0;0;0;0;NaN;NaN;0;0;1;1;bgd;NaN;NaN;NaN;NaN;NaN;NaN;NaN;NaN;NaN;NaN;NaN;NaN;NaN;NaN;NaN;NaN;NaN;NaN;NaN;NaN;NaN;NaN;NaN;NaN;NaN;NaN;NaN;NaN;NaN;NaN;NaN;NaN;NaN;NaN;NaN;NaN;NaN;NaN;NaN;NaN;NaN;NaN;NaN;NaN;NaN;NaN;NaN
A0238;Aalesund;Attvin_multiple;T_waste;Central;67;12;t;0;multi-color pattern;m;b;1;cubus;0;5;0;0;0;0;0;0;0;0;0;NaN;NaN;1;0;1;1;chn;NaN;NaN;NaN;NaN;NaN;NaN;NaN;NaN;NaN;NaN;NaN;NaN;NaN;NaN;NaN;NaN;NaN;NaN;NaN;NaN;NaN;NaN;NaN;NaN;NaN;NaN;NaN;NaN;NaN;NaN;NaN;NaN;NaN;NaN;NaN;NaN;NaN;NaN;NaN;NaN;NaN;NaN;NaN;NaN;NaN;NaN;NaN
A0239;Aalesund;Attvin_multiple;T_waste;Central;163;11;t;0;black;f;a;1;craft;0;0;0;0;3;0;0;0;0;1;NaN;NaN;NaN;1;0;1;1;chn;NaN;NaN;NaN;NaN;NaN;NaN;NaN;NaN;NaN;NaN;NaN;NaN;NaN;NaN;NaN;NaN;NaN;NaN;NaN;NaN;NaN;NaN;NaN;NaN;NaN;NaN;NaN;NaN;NaN;NaN;NaN;NaN;NaN;NaN;NaN;NaN;NaN;NaN;NaN;NaN;NaN;NaN;NaN;NaN;NaN;NaN;NaN
A0240;Aalesund;Attvin_multiple;T_waste;Central;417;5;t;0;grey;f;a;1;h&m;0;1;0;0;0;6;0;0;0;0;0;NaN;NaN;1;0;1;3;bgd;NaN;NaN;NaN;NaN;NaN;NaN;NaN;NaN;NaN;NaN;NaN;NaN;NaN;NaN;NaN;NaN;NaN;NaN;NaN;NaN;NaN;NaN;NaN;NaN;NaN;NaN;NaN;NaN;NaN;NaN;NaN;NaN;NaN;NaN;NaN;NaN;NaN;NaN;NaN;NaN;NaN;NaN;NaN;NaN;NaN;NaN;NaN
A0241;Aalesund;Attvin_multiple;T_waste;Central;65;12;t;0;multi-color pattern;f;b;1;lindex;0;5;0;0;0;0;0;0;0;0;0;NaN;NaN;1;0;1;1;chn;NaN;NaN;NaN;NaN;NaN;NaN;NaN;NaN;NaN;NaN;NaN;NaN;NaN;NaN;NaN;NaN;NaN;NaN;NaN;NaN;NaN;NaN;NaN;NaN;NaN;NaN;NaN;NaN;NaN;NaN;NaN;NaN;NaN;NaN;NaN;NaN;NaN;NaN;NaN;NaN;NaN;NaN;NaN;NaN;NaN;NaN;NaN
A0242;Aalesund;Attvin_multiple;T_waste;Central;68;12;t;0;multi-color pattern;u;b;1;mohini;0;7;0;0;0;0;0;0;0;0;0;NaN;NaN;0;0;1;1;chn;NaN;NaN;NaN;NaN;NaN;NaN;NaN;NaN;NaN;NaN;NaN;NaN;NaN;NaN;NaN;NaN;NaN;NaN;NaN;NaN;NaN;NaN;NaN;NaN;NaN;NaN;NaN;NaN;NaN;NaN;NaN;NaN;NaN;NaN;NaN;NaN;NaN;NaN;NaN;NaN;NaN;NaN;NaN;NaN;NaN;NaN;NaN
A0243;Aalesund;Attvin_multiple;T_waste;Central;63;8;t;0;multi-color striped;f;b;1;kappahl;0;0;5;0;0;0;0;0;0;0;0;NaN;NaN;1;0;1;1;ind;NaN;NaN;NaN;NaN;NaN;NaN;NaN;NaN;NaN;NaN;NaN;NaN;NaN;NaN;NaN;NaN;NaN;NaN;NaN;NaN;NaN;NaN;NaN;NaN;NaN;NaN;NaN;NaN;NaN;NaN;NaN;NaN;NaN;NaN;NaN;NaN;NaN;NaN;NaN;NaN;NaN;NaN;NaN;NaN;NaN;NaN;NaN
A0245;Aalesund;Attvin_multiple;T_waste;Central;153;5;t;0;black;f;a;1;russell athletic;NaN;0;0;0;0;0;0;0;0;1;1;NaN;0;1;1;1;1;mar;0;NaN;NaN;NaN;0;4;0;0;0;cotton;100;NaN;NaN;NaN;NaN;NaN;NaN;NaN;NaN;NaN;NaN;NaN;NaN;NaN;NaN;NaN;NaN;NaN;NaN;NaN;NaN;NaN;NaN;NaN;NaN;NaN;NaN;NaN;NaN;NaN;NaN;NaN;NaN;NaN;NaN;NaN;NaN
A0246;Aalesund;Attvin_multiple;T_waste;Central;431;26;k;0;black;u;a;1;ullfrotte;NaN;0;0;0;0;0;0;0;0;1;0;NaN;0;1;1;1;4;not declared;0;NaN;NaN;NaN;0;3;1;1;0;wool;55;acryl;20;polyester;20;elastane;5;NaN;NaN;NaN;NaN;NaN;NaN;NaN;NaN;NaN;NaN;NaN;NaN;NaN;NaN;NaN;NaN;NaN;NaN;NaN;NaN;NaN;NaN;NaN;NaN;NaN;NaN;NaN;NaN;NaN;NaN
A0247;Aalesund;Attvin_multiple;T_waste;Central;158;11;t;0;multi-color;f;a;1;kari traa;NaN;0;0;0;0;0;0;0;0;1;0;NaN;0;1;1;1;1;mmr;0;NaN;NaN;ca 57037;0;4;0;0;0;polyester;100;NaN;NaN;NaN;NaN;NaN;NaN;NaN;NaN;NaN;NaN;NaN;NaN;NaN;NaN;NaN;NaN;NaN;NaN;NaN;NaN;NaN;NaN;NaN;NaN;NaN;NaN;NaN;NaN;NaN;NaN;NaN;NaN;NaN;NaN;NaN;NaN
A0248;Aalesund;Attvin_multiple;T_waste;Central;115;7;t;0;pink;f;c;1;devold;NaN;0;0;0;0;0;0;0;0;0;0;NaN;0;0;0;1;1;ltu;0;NaN;NaN;NaN;0;2;1;1;0;NaN;NaN;NaN;NaN;NaN;NaN;NaN;NaN;NaN;NaN;NaN;NaN;NaN;NaN;NaN;NaN;NaN;NaN;NaN;NaN;NaN;NaN;NaN;NaN;NaN;NaN;NaN;NaN;NaN;NaN;NaN;NaN;NaN;NaN;NaN;NaN;NaN;NaN
A0249;Aalesund;Attvin_multiple;T_waste;Central;97;28;t;0;pink;f;c;1;name it;NaN;0;0;0;0;0;0;0;0;0;0;NaN;0;1;1;1;NaN;bgd;0;NaN;NaN;NaN;0;3;0;0;0;NaN;NaN;NaN;NaN;NaN;NaN;NaN;NaN;NaN;NaN;NaN;NaN;cotton;100;NaN;NaN;NaN;NaN;NaN;NaN;NaN;NaN;NaN;NaN;NaN;NaN;NaN;NaN;NaN;NaN;NaN;NaN;NaN;NaN;NaN;NaN;NaN;NaN
A0250;Aalesund;Attvin_multiple;T_waste;Central;169;1;t;0;red;u;a;1;clique;NaN;0;0;0;0;0;0;0;0;1;1;NaN;0;1;1;1;1;bgd;0;NaN;NaN;c412403;0;4;0;0;0;cotton;100;NaN;NaN;NaN;NaN;NaN;NaN;NaN;NaN;NaN;NaN;NaN;NaN;NaN;NaN;NaN;NaN;NaN;NaN;NaN;NaN;NaN;NaN;NaN;NaN;NaN;NaN;NaN;NaN;NaN;NaN;NaN;NaN;NaN;NaN;NaN;NaN
A0251;Aalesund;Attvin_multiple;T_waste;Central;90;26;t;0;red;f;a;1;pierre robert;NaN;0;0;0;0;0;0;0;0;0;0;NaN;0;0;0;1;1;not declared;0;NaN;NaN;NaN;0;4;0;0;0;NaN;NaN;NaN;NaN;NaN;NaN;NaN;NaN;NaN;NaN;NaN;NaN;polyester;100;NaN;NaN;NaN;NaN;NaN;NaN;NaN;NaN;NaN;NaN;NaN;NaN;NaN;NaN;NaN;NaN;NaN;NaN;NaN;NaN;NaN;NaN;NaN;NaN
A0252;Aalesund;Attvin_multiple;T_waste;Central;136;8;t;0;multi-color;f;a;0;NaN;NaN;0;0;0;0;0;0;0;0;0;0;NaN;0;0;0;1;NaN;not declared;0;NaN;NaN;NaN;0;5;0;0;0;NaN;NaN;NaN;NaN;NaN;NaN;NaN;NaN;NaN;NaN;NaN;NaN;NaN;NaN;NaN;NaN;NaN;NaN;NaN;NaN;NaN;NaN;NaN;NaN;NaN;NaN;NaN;NaN;NaN;NaN;NaN;NaN;NaN;NaN;NaN;NaN;NaN;NaN
A0254;Aalesund;Attvin_multiple;T_waste;Central;361;26;t;0;pink;f;c;1;lindex;NaN;0;0;0;0;0;0;0;0;1;1;NaN;0;0;0;1;2;bgd;0;NaN;NaN;NaN;0;4;0;0;0;NaN;NaN;NaN;NaN;NaN;NaN;NaN;NaN;NaN;NaN;NaN;NaN;NaN;NaN;NaN;NaN;NaN;NaN;NaN;NaN;NaN;NaN;NaN;NaN;NaN;NaN;NaN;NaN;NaN;NaN;NaN;NaN;NaN;NaN;NaN;NaN;NaN;NaN
A0255;Aalesund;Attvin_multiple;T_waste;Central;524;26;k;0;multi-color;f;c;0;NaN;NaN;0;0;0;0;0;0;0;0;0;0;NaN;0;0;0;1;NaN;nor;0;NaN;NaN;NaN;0;5;0;0;0;NaN;NaN;NaN;NaN;NaN;NaN;NaN;NaN;NaN;NaN;NaN;NaN;wool;100;NaN;NaN;NaN;NaN;NaN;NaN;NaN;NaN;NaN;NaN;NaN;NaN;NaN;NaN;NaN;NaN;NaN;NaN;NaN;NaN;NaN;NaN;NaN;NaN
A0256;Aalesund;Attvin_multiple;T_waste;Central;143;2;t;0;multi-color;f;a;1;lindex;NaN;0;0;0;0;0;0;0;0;0;0;NaN;0;1;1;1;2;chn;0;NaN;NaN;NaN;0;4;0;0;0;polyester;88;elastane;12;NaN;NaN;NaN;NaN;NaN;NaN;NaN;NaN;NaN;NaN;NaN;NaN;NaN;NaN;NaN;NaN;NaN;NaN;NaN;NaN;NaN;NaN;NaN;NaN;NaN;NaN;NaN;NaN;NaN;NaN;NaN;NaN;NaN;NaN
A0257;Aalesund;Attvin_multiple;T_waste;Central;37;15;o;0;multi-color pattern;f;c;0;NaN;0;0;0;0;0;0;0;0;0;0;0;NaN;4;1;1;2;2;chn;0;NaN;n;rn88842;0;4;0;0;0;polyamide or nylon;80;elastane;20;NaN;NaN;NaN;NaN;NaN;NaN;NaN;NaN;NaN;NaN;NaN;NaN;NaN;NaN;NaN;NaN;NaN;NaN;NaN;NaN;NaN;NaN;NaN;NaN;NaN;NaN;NaN;NaN;NaN;NaN;NaN;NaN;NaN;NaN
A0258;Aalesund;Attvin_multiple;T_waste;Central;209;28;k;0;multi-color;m;a;1;kask rider;0;0;0;0;0;0;0;0;0;1;0;NaN;0;1;1;1;1;ltu;0;NaN;n;NaN;0;5;0;0;0;wool;100;NaN;NaN;NaN;NaN;NaN;NaN;NaN;NaN;NaN;NaN;NaN;NaN;NaN;NaN;NaN;NaN;NaN;NaN;NaN;NaN;NaN;NaN;NaN;NaN;NaN;NaN;NaN;NaN;NaN;NaN;NaN;NaN;NaN;NaN;NaN;NaN
A0259;Aalesund;Attvin_multiple;T_waste;Central;109;28;t;0;blue;f;a;1;kari traa;0;0;0;0;0;0;0;0;0;1;1;NaN;0;1;1;2;2;not declared;0;NaN;n;NaN;0;4;0;0;0;polyamide or nylon;95;elastane;5;NaN;NaN;NaN;NaN;NaN;NaN;NaN;NaN;NaN;NaN;NaN;NaN;NaN;NaN;NaN;NaN;NaN;NaN;NaN;NaN;NaN;NaN;NaN;NaN;NaN;NaN;NaN;NaN;NaN;NaN;NaN;NaN;NaN;NaN
A0260;Aalesund;Attvin_multiple;T_waste;Central;171;5;t;0;black;f;a;1;2xu;0;0;0;0;0;0;0;0;2;1;1;NaN;0;1;1;2;2;tha;0;NaN;n;NaN;0;4;0;0;0;polyamide or nylon;80;elastane;20;NaN;NaN;NaN;NaN;NaN;NaN;NaN;NaN;NaN;NaN;NaN;NaN;NaN;NaN;NaN;NaN;NaN;NaN;NaN;NaN;NaN;NaN;NaN;NaN;NaN;NaN;NaN;NaN;NaN;NaN;NaN;NaN;NaN;NaN
A0262;Aalesund;Attvin_multiple;T_waste;Central;141;1;t;0;blue;m;a;1;winwin;0;0;0;0;0;0;0;0;0;0;0;NaN;0;1;1;1;1;bgd;0;NaN;n;NaN;0;4;0;0;0;cotton;100;NaN;NaN;NaN;NaN;NaN;NaN;NaN;NaN;NaN;NaN;NaN;NaN;NaN;NaN;NaN;NaN;NaN;NaN;NaN;NaN;NaN;NaN;NaN;NaN;NaN;NaN;NaN;NaN;NaN;NaN;NaN;NaN;NaN;NaN;NaN;NaN
A0263;Aalesund;Attvin_multiple;T_waste;Central;42;12;t;0;white;u;b;1;cubus;0;0;0;0;0;0;0;0;0;0;0;NaN;0;0;1;3;3;tur;0;NaN;n;NaN;0;4;0;0;0;cotton;78;polyamide or nylon;20;elastane;2;NaN;NaN;NaN;NaN;NaN;NaN;NaN;NaN;NaN;NaN;NaN;NaN;NaN;NaN;NaN;NaN;NaN;NaN;NaN;NaN;NaN;NaN;NaN;NaN;NaN;NaN;NaN;NaN;NaN;NaN;NaN;NaN
A0264;Aalesund;Attvin_multiple;T_waste;Central;96;1;t;0;blue;m;a;1;nike;0;0;0;0;0;0;0;0;0;1;0;NaN;0;0;0;1;1;lka;0;NaN;n;NaN;0;5;0;0;0;NaN;NaN;NaN;NaN;NaN;NaN;NaN;NaN;NaN;NaN;NaN;NaN;NaN;NaN;NaN;NaN;NaN;NaN;NaN;NaN;NaN;NaN;NaN;NaN;NaN;NaN;NaN;NaN;NaN;NaN;NaN;NaN;NaN;NaN;NaN;NaN;NaN;NaN
A0265;Aalesund;Attvin_multiple;T_waste;Central;214;1;t;0;blue;m;a;0;unknown;0;0;0;0;0;0;0;0;0;0;0;NaN;0;0;0;1;NaN;not declared;0;NaN;n;NaN;0;4;0;0;0;NaN;NaN;NaN;NaN;NaN;NaN;NaN;NaN;NaN;NaN;NaN;NaN;NaN;NaN;NaN;NaN;NaN;NaN;NaN;NaN;NaN;NaN;NaN;NaN;NaN;NaN;NaN;NaN;NaN;NaN;NaN;NaN;NaN;NaN;NaN;NaN;NaN;NaN
A0266;Aalesund;Attvin_multiple;T_waste;Central;98;1;t;0;green;u;c;1;hard rock cafe;0;0;0;0;0;0;0;0;0;1;1;NaN;0;1;1;2;2;egy;0;NaN;n;NaN;0;5;0;0;0;cotton;50;polyester;50;NaN;NaN;NaN;NaN;NaN;NaN;NaN;NaN;NaN;NaN;NaN;NaN;NaN;NaN;NaN;NaN;NaN;NaN;NaN;NaN;NaN;NaN;NaN;NaN;NaN;NaN;NaN;NaN;NaN;NaN;NaN;NaN;NaN;NaN
A0267;Aalesund;Attvin_multiple;T_waste;Central;124;5;t;0;black;f;c;1;name it;0;0;0;0;0;0;0;0;0;0;0;NaN;0;1;1;2;2;chn;1;2016;NaN;NaN;0;4;0;0;0;cotton;95;elastane;5;NaN;NaN;NaN;NaN;NaN;NaN;NaN;NaN;NaN;NaN;NaN;NaN;NaN;NaN;NaN;NaN;NaN;NaN;NaN;NaN;NaN;NaN;NaN;NaN;NaN;NaN;NaN;NaN;NaN;NaN;NaN;NaN;NaN;NaN
A0268;Aalesund;Attvin_multiple;T_waste;Central;147;1;t;0;grey;m;a;1;homebound;0;0;0;0;0;0;0;0;0;1;1;NaN;0;1;1;2;2;not declared;0;NaN;n;NaN;0;5;0;0;0;cotton;90;viscose;10;NaN;NaN;NaN;NaN;NaN;NaN;NaN;NaN;NaN;NaN;NaN;NaN;NaN;NaN;NaN;NaN;NaN;NaN;NaN;NaN;NaN;NaN;NaN;NaN;NaN;NaN;NaN;NaN;NaN;NaN;NaN;NaN;NaN;NaN
A0269;Aalesund;Attvin_multiple;T_waste;Central;305;5;t;1;grey;m;a;1;stormberg;0;2;0;3;0;0;0;0;0;0;0;NaN;2;1;0;2;3;chn;0;NaN;n;NaN;0;3;0;0;0;NaN;NaN;NaN;NaN;NaN;NaN;NaN;NaN;NaN;NaN;NaN;NaN;NaN;NaN;NaN;NaN;NaN;NaN;NaN;NaN;NaN;NaN;NaN;NaN;NaN;NaN;NaN;NaN;NaN;NaN;NaN;NaN;NaN;NaN;NaN;NaN;NaN;NaN
A0270;Aalesund;Attvin_multiple;T_waste;Central;378;5;t;0;blue;f;a;1;h&m;0;1;0;0;0;6;0;0;0;0;0;NaN;0;1;1;3;3;bgd;0;NaN;n;rn101255, ca42271;0;3;0;1;0;NaN;NaN;NaN;NaN;NaN;NaN;NaN;NaN;NaN;NaN;NaN;NaN;NaN;NaN;NaN;NaN;NaN;NaN;NaN;NaN;NaN;NaN;NaN;NaN;NaN;NaN;NaN;NaN;NaN;NaN;NaN;NaN;NaN;NaN;NaN;NaN;NaN;NaN
A0271;Aalesund;Attvin_multiple;T_waste;Central;130;15;t;0;red;m;a;1;lacoste;0;0;0;0;0;2;0;0;0;0;0;NaN;1;1;1;2;2;not declared;0;NaN;n;NaN;0;4;0;0;0;cotton;77;polyamide or nylon;23;NaN;NaN;NaN;NaN;NaN;NaN;NaN;NaN;polyamide or nylon;100;NaN;NaN;NaN;NaN;NaN;NaN;NaN;NaN;NaN;NaN;NaN;NaN;NaN;NaN;NaN;NaN;NaN;NaN;NaN;NaN;NaN;NaN;NaN;NaN
A0272;Aalesund;Attvin_multiple;T_waste;Central;171;1;t;0;white;m;a;1;id identity;0;0;0;0;0;0;0;0;0;1;1;NaN;0;1;1;1;1;chn;0;NaN;n;NaN;0;4;0;0;0;cotton;100;NaN;NaN;NaN;NaN;NaN;NaN;NaN;NaN;NaN;NaN;NaN;NaN;NaN;NaN;NaN;NaN;NaN;NaN;NaN;NaN;NaN;NaN;NaN;NaN;NaN;NaN;NaN;NaN;NaN;NaN;NaN;NaN;NaN;NaN;NaN;NaN
A0273;Aalesund;Attvin_multiple;T_waste;Central;129;1;t;0;white;m;a;1;the north face;0;0;0;0;0;0;0;0;0;1;1;NaN;0;1;1;1;1;not declared;0;NaN;n;rn61661, ca30516;0;5;0;0;0;cotton;100;NaN;NaN;NaN;NaN;NaN;NaN;NaN;NaN;NaN;NaN;NaN;NaN;NaN;NaN;NaN;NaN;NaN;NaN;NaN;NaN;NaN;NaN;NaN;NaN;NaN;NaN;NaN;NaN;NaN;NaN;NaN;NaN;NaN;NaN;NaN;NaN
A0274;Aalesund;Attvin_multiple;T_waste;Central;189;1;t;0;multi-color pattern;f;a;0;unknown;0;0;0;0;0;0;0;0;0;0;0;NaN;0;0;0;1;NaN;not declared;0;NaN;o;NaN;0;5;0;0;0;NaN;NaN;NaN;NaN;NaN;NaN;NaN;NaN;NaN;NaN;NaN;NaN;NaN;NaN;NaN;NaN;NaN;NaN;NaN;NaN;NaN;NaN;NaN;NaN;NaN;NaN;NaN;NaN;NaN;NaN;NaN;NaN;NaN;NaN;NaN;NaN;NaN;NaN
A0275;Aalesund;Attvin_multiple;T_waste;Central;243;1;t;0;blue;m;a;0;unknown;0;0;0;0;0;0;0;0;0;0;0;NaN;0;0;0;1;NaN;not declared;0;NaN;n;NaN;0;4;0;0;0;NaN;NaN;NaN;NaN;NaN;NaN;NaN;NaN;NaN;NaN;NaN;NaN;NaN;NaN;NaN;NaN;NaN;NaN;NaN;NaN;NaN;NaN;NaN;NaN;NaN;NaN;NaN;NaN;NaN;NaN;NaN;NaN;NaN;NaN;NaN;NaN;NaN;NaN
A0276;Aalesund;Attvin_multiple;T_waste;Central;256;6;t;0;blue;f;a;1;cubus;0;1;0;1;0;3;0;0;0;0;0;NaN;0;1;1;4;4;bgd;0;NaN;n;NaN;0;2;0;0;0;cotton;68;polyester;27;viscose;3;elastane;2;NaN;NaN;NaN;NaN;NaN;NaN;NaN;NaN;NaN;NaN;NaN;NaN;NaN;NaN;NaN;NaN;NaN;NaN;NaN;NaN;NaN;NaN;NaN;NaN;NaN;NaN;NaN;NaN;NaN;NaN
